Order ID,Order Date,Customer ID,Customer Name,City,State,Region,Customer Tier,Category,Sub-Category,Product,Quantity,Sales,Discount,Profit,Payment Mode
ORD10146,2024-01-03,CUST0086,Ayaan Reddy,Surat,Gujarat,West,Silver,Electronics,Computing,Wireless Mouse,2,1590.27,0.1,296.85,Debit Card
ORD10146,2024-01-03,CUST0086,Ayaan Reddy,Surat,Gujarat,West,Silver,Electronics,Computing,Wireless Mouse,2,1796.45,0.05,423.58,Credit Card
ORD10204,2024-01-04,CUST0018,Arjun Verma,New Delhi,Delhi,North,Standard,Fashion,Apparel,Casual Shirt,3,3224.7,0.1,709.43,UPI
ORD10755,2024-01-05,CUST0228,Ishaan Mishra,Lucknow,Uttar Pradesh,North,Standard,Books & Stationery,Books,Career Guide Book,2,891.11,0.05,303.92,Net Banking
ORD10795,2024-01-06,CUST0174,Tanvi Mishra,Coimbatore,Tamil Nadu,South,Standard,Fashion,Accessories,Backpack,1,1626.62,0.0,455.45,Credit Card
ORD10906,2024-01-06,CUST0152,Reyansh Kulkarni,Kolkata,West Bengal,East,Standard,Fashion,Footwear,Everyday Sneakers,3,6387.07,0.0,1405.16,UPI
ORD11055,2024-01-06,CUST0248,Ira Reddy,New Delhi,Delhi,North,Standard,Home & Kitchen,Lighting,Desk Lamp,1,1089.07,0.0,294.05,UPI
ORD10643,2024-01-07,CUST0243,Kavya Kulkarni,Siliguri,West Bengal,East,Standard,Sports & Outdoors,Outdoor,Insulated Bottle,1,567.29,0.1,150.02,Debit Card
ORD11022,2024-01-07,CUST0198,Vivaan Khan,Udaipur,Rajasthan,North,Standard,Electronics,Audio,Wireless Earbuds,1,2314.66,0.05,448.31,Net Banking
ORD10318,2024-01-08,CUST0033,Nisha Patel,Chennai,Tamil Nadu,South,Silver,Home & Kitchen,Lighting,Desk Lamp,2,2020.91,0.05,455.24,Credit Card
ORD10767,2024-01-08,CUST0068,Ishaan Desai,Siliguri,West Bengal,East,Standard,Electronics,Accessories,Laptop Stand,1,1111.0,0.1,232.07,Cash on Delivery
ORD11016,2024-01-08,CUST0025,Meera Gupta,Jaipur,Rajasthan,North,Standard,Fashion,Apparel,Denim Jeans,2,3272.61,0.1,501.8,Credit Card
ORD10046,2024-01-09,CUST0076,Ananya Khan,Warangal,Telangana,South,Silver,Beauty & Personal Care,Haircare,Shampoo Pack,1,386.15,0.05,99.18,Net Banking
ORD10046,2024-01-09,CUST0076,Ananya Khan,Warangal,Telangana,South,Silver,Fashion,Apparel,Denim Jeans,1,1928.19,0.0,482.05,Debit Card
ORD10786,2024-01-10,CUST0184,Reyansh Iyer,Lucknow,Uttar Pradesh,North,Silver,Electronics,Accessories,USB-C Hub,2,2471.65,0.25,-98.87,Net Banking
ORD10817,2024-01-10,CUST0106,Myra Mehta,Chennai,Tamil Nadu,South,Standard,Sports & Outdoors,Outdoor,Insulated Bottle,1,690.25,0.1,182.53,Net Banking
ORD10469,2024-01-12,CUST0137,Ishaan Patel,Thiruvananthapuram,Kerala,South,Standard,Books & Stationery,Books,Career Guide Book,3,1243.59,0.1,370.31,Debit Card
ORD10110,2024-01-13,CUST0215,Arjun Rao,Warangal,Telangana,South,Standard,Beauty & Personal Care,Skincare,Face Moisturizer,2,948.36,0.15,191.9,Credit Card
ORD10168,2024-01-13,CUST0002,Priya Chopra,Vadodara,Gujarat,West,Standard,Sports & Outdoors,Outdoor,Insulated Bottle,1,516.85,0.2,81.4,UPI
ORD10213,2024-01-13,CUST0133,Rahul Verma,Kochi,Kerala,South,Standard,Books & Stationery,Books,Career Guide Book,2,879.28,0.0,334.13,Cash on Delivery
ORD10213,2024-01-13,CUST0133,Rahul Verma,Kochi,Kerala,South,Standard,Electronics,Accessories,USB-C Hub,3,4394.6,0.1,673.84,Debit Card
ORD10363,2024-01-13,CUST0205,Sai Kulkarni,New Delhi,Delhi,North,Standard,Home & Kitchen,Bedding,Cotton Bedsheet,1,1127.18,0.25,15.03,UPI
ORD10842,2024-01-13,CUST0039,Pari Desai,Mysuru,Karnataka,South,Gold,Beauty & Personal Care,Skincare,Face Moisturizer,1,485.79,0.0,165.17,UPI
ORD10746,2024-01-14,CUST0176,Aditya Pillai,Hyderabad,Telangana,South,Gold,Electronics,Accessories,USB-C Hub,1,1624.46,0.15,156.71,Cash on Delivery
ORD10822,2024-01-14,CUST0092,Krishna Gupta,Hyderabad,Telangana,South,Standard,Home & Kitchen,Bedding,Cotton Bedsheet,1,1337.04,0.15,191.9,Cash on Delivery
ORD10822,2024-01-14,CUST0092,Krishna Gupta,Hyderabad,Telangana,South,Standard,Electronics,Audio,Wireless Earbuds,1,2082.94,0.05,403.43,Net Banking
ORD10837,2024-01-17,CUST0047,Rohan Desai,Kochi,Kerala,South,Standard,Electronics,Accessories,USB-C Hub,2,3387.29,0.15,326.77,Debit Card
ORD11070,2024-01-18,CUST0166,Dev Iyer,Mysuru,Karnataka,South,Standard,Fashion,Accessories,Backpack,3,5862.7,0.0,1641.56,Debit Card
ORD10626,2024-01-19,CUST0113,Saanvi Singh,Kolkata,West Bengal,East,Silver,Electronics,Accessories,USB-C Hub,1,1515.37,0.15,146.19,Net Banking
ORD10400,2024-01-20,CUST0215,Arjun Rao,Warangal,Telangana,South,Standard,Beauty & Personal Care,Skincare,Face Moisturizer,1,582.27,0.05,174.07,UPI
ORD10672,2024-01-20,CUST0161,Pari Gupta,New Delhi,Delhi,North,Silver,Electronics,Accessories,USB-C Hub,1,1730.89,0.1,265.4,Debit Card
ORD10991,2024-01-20,CUST0101,Saanvi Iyer,Vadodara,Gujarat,West,Silver,Beauty & Personal Care,Skincare,Face Moisturizer,1,534.07,0.0,181.58,Net Banking
ORD10991,2024-01-20,CUST0101,Saanvi Iyer,Vadodara,Gujarat,West,Silver,Books & Stationery,Stationery,Notebook Set,1,307.03,0.05,111.18,Debit Card
ORD10793,2024-01-21,CUST0203,Arjun Chopra,Hyderabad,Telangana,South,Standard,Books & Stationery,Stationery,Notebook Set,2,515.72,0.1,165.03,Cash on Delivery
ORD10904,2024-01-23,CUST0127,Neha Chopra,Hyderabad,Telangana,South,Standard,Sports & Outdoors,Outdoor,Insulated Bottle,4,2925.89,0.0,1024.06,Net Banking
ORD10667,2024-01-24,CUST0014,Ishita Patel,Pune,Maharashtra,West,Silver,Home & Kitchen,Storage,Storage Organizer,1,497.21,0.2,59.67,Debit Card
ORD10124,2024-01-26,CUST0092,Krishna Gupta,Hyderabad,Telangana,South,Standard,Fashion,Apparel,Casual Shirt,1,817.07,0.25,32.68,Credit Card
ORD10901,2024-01-26,CUST0147,Diya Das,Surat,Gujarat,West,Standard,Home & Kitchen,Cookware,Non-stick Pan,4,4799.8,0.1,789.3,Credit Card
ORD10901,2024-01-26,CUST0147,Diya Das,Surat,Gujarat,West,Standard,Home & Kitchen,Bedding,Cotton Bedsheet,2,2964.86,0.0,859.81,Credit Card
ORD10189,2024-01-29,CUST0227,Krishna Nair,Siliguri,West Bengal,East,Silver,Fashion,Apparel,Denim Jeans,3,5207.7,0.1,798.51,Credit Card
ORD10219,2024-01-30,CUST0218,Vivaan Joshi,Varanasi,Uttar Pradesh,North,Standard,Home & Kitchen,Lighting,Desk Lamp,3,3265.51,0.0,881.69,Debit Card
ORD10506,2024-01-30,CUST0043,Saanvi Chopra,Siliguri,West Bengal,East,Silver,Electronics,Accessories,USB-C Hub,1,1776.16,0.0,444.04,Cash on Delivery
ORD10912,2024-01-31,CUST0094,Saanvi Gupta,Surat,Gujarat,West,Standard,Fashion,Accessories,Backpack,1,1643.03,0.0,460.05,Credit Card
ORD10940,2024-02-01,CUST0095,Aadhya Mishra,Coimbatore,Tamil Nadu,South,Gold,Beauty & Personal Care,Haircare,Shampoo Pack,1,330.77,0.15,51.37,Net Banking
ORD10375,2024-02-02,CUST0047,Rohan Desai,Kochi,Kerala,South,Standard,Sports & Outdoors,Outdoor,Insulated Bottle,1,723.81,0.0,253.33,Net Banking
ORD10140,2024-02-03,CUST0217,Rohan Mehta,Thiruvananthapuram,Kerala,South,Standard,Fashion,Apparel,Denim Jeans,3,6199.72,0.0,1549.93,UPI
ORD10977,2024-02-03,CUST0165,Vihaan Verma,Surat,Gujarat,West,Gold,Fashion,Footwear,Everyday Sneakers,1,1716.97,0.2,-8.58,Credit Card
ORD10325,2024-02-04,CUST0076,Ananya Khan,Warangal,Telangana,South,Silver,Books & Stationery,Books,Career Guide Book,1,441.92,0.0,167.93,UPI
ORD10325,2024-02-04,CUST0076,Ananya Khan,Warangal,Telangana,South,Silver,Fashion,Apparel,Denim Jeans,1,1743.79,0.0,435.95,Debit Card
ORD10759,2024-02-05,CUST0063,Reyansh Desai,Nagpur,Maharashtra,West,Silver,Fashion,Apparel,Denim Jeans,2,3383.08,0.15,326.37,Credit Card
ORD10759,2024-02-05,CUST0063,Reyansh Desai,Nagpur,Maharashtra,West,Silver,Fashion,Footwear,Everyday Sneakers,2,3515.01,0.2,-17.58,Credit Card
ORD10467,2024-02-08,CUST0098,Krishna Das,Kolkata,West Bengal,East,Standard,Fashion,Apparel,Denim Jeans,1,1788.18,0.1,274.19,Credit Card
ORD11026,2024-02-09,CUST0221,Meera Kulkarni,Jaipur,Rajasthan,North,Standard,Books & Stationery,Books,Career Guide Book,1,398.85,0.2,77.78,UPI
ORD10728,2024-02-10,CUST0119,Ira Nair,Hyderabad,Telangana,South,Standard,Fashion,Apparel,Casual Shirt,2,1849.4,0.2,198.81,Debit Card
ORD10728,2024-02-10,CUST0119,Ira Nair,Hyderabad,Telangana,South,Standard,Beauty & Personal Care,Skincare,Face Moisturizer,2,862.1,0.15,174.45,Credit Card
ORD10711,2024-02-12,CUST0060,Aarav Mehta,Varanasi,Uttar Pradesh,North,Standard,Fashion,Accessories,Backpack,1,1540.58,0.1,287.58,Net Banking
ORD10365,2024-02-13,CUST0044,Reyansh Patel,Coimbatore,Tamil Nadu,South,Standard,Books & Stationery,Stationery,Notebook Set,2,628.21,0.05,227.48,Credit Card
ORD10365,2024-02-13,CUST0044,Reyansh Patel,Coimbatore,Tamil Nadu,South,Standard,Fashion,Apparel,Denim Jeans,3,4251.15,0.2,138.16,UPI
ORD10367,2024-02-13,CUST0004,Kabir Chopra,Madurai,Tamil Nadu,South,Standard,Sports & Outdoors,Outdoor,Insulated Bottle,2,1490.99,0.0,521.85,Credit Card
ORD10414,2024-02-13,CUST0117,Ananya Shah,Siliguri,West Bengal,East,Standard,Home & Kitchen,Bedding,Cotton Bedsheet,1,1605.79,0.05,395.53,Cash on Delivery
ORD10414,2024-02-13,CUST0117,Ananya Shah,Siliguri,West Bengal,East,Standard,Beauty & Personal Care,Skincare,Face Moisturizer,1,441.46,0.1,111.84,Debit Card
ORD10442,2024-02-15,CUST0081,Aditya Joshi,Mangaluru,Karnataka,South,Standard,Electronics,Computing,Wireless Mouse,1,615.23,0.2,43.07,Debit Card
ORD10740,2024-02-15,CUST0181,Kabir Nair,New Delhi,Delhi,North,Silver,Electronics,Accessories,USB-C Hub,3,5286.1,0.05,1079.48,Cash on Delivery
ORD10604,2024-02-16,CUST0176,Aditya Pillai,Hyderabad,Telangana,South,Gold,Books & Stationery,Books,Career Guide Book,2,888.95,0.05,303.18,Debit Card
ORD10622,2024-02-16,CUST0140,Aditya Patel,Hyderabad,Telangana,South,Standard,Books & Stationery,Books,Career Guide Book,1,498.53,0.0,189.44,Cash on Delivery
ORD11014,2024-02-16,CUST0157,Ayaan Pillai,Siliguri,West Bengal,East,Standard,Fashion,Apparel,Denim Jeans,3,4703.18,0.2,152.85,Net Banking
ORD11036,2024-02-16,CUST0161,Pari Gupta,New Delhi,Delhi,North,Silver,Beauty & Personal Care,Haircare,Shampoo Pack,1,338.9,0.2,32.2,UPI
ORD10526,2024-02-18,CUST0193,Myra Mehta,Nagpur,Maharashtra,West,Standard,Fashion,Apparel,Casual Shirt,1,1322.15,0.0,409.87,Cash on Delivery
ORD10737,2024-02-18,CUST0115,Pari Das,Udaipur,Rajasthan,North,Silver,Books & Stationery,Books,Career Guide Book,2,893.75,0.15,222.91,Net Banking
ORD10737,2024-02-18,CUST0115,Pari Das,Udaipur,Rajasthan,North,Silver,Fashion,Apparel,Casual Shirt,1,963.01,0.1,211.86,Net Banking
ORD10244,2024-02-19,CUST0016,Nisha Pillai,Siliguri,West Bengal,East,Standard,Electronics,Audio,Wireless Earbuds,1,2170.6,0.0,520.94,UPI
ORD10267,2024-02-19,CUST0002,Priya Chopra,Vadodara,Gujarat,West,Standard,Beauty & Personal Care,Haircare,Shampoo Pack,3,1136.27,0.1,237.35,Credit Card
ORD10615,2024-02-19,CUST0037,Vivaan Khan,Mumbai,Maharashtra,West,Silver,Fashion,Apparel,Casual Shirt,1,1076.37,0.0,333.67,Cash on Delivery
ORD10615,2024-02-19,CUST0037,Vivaan Khan,Mumbai,Maharashtra,West,Silver,Beauty & Personal Care,Skincare,Face Moisturizer,1,489.91,0.05,146.46,Net Banking
ORD10053,2024-02-22,CUST0148,Saanvi Rao,Mysuru,Karnataka,South,Standard,Home & Kitchen,Storage,Storage Organizer,2,1177.83,0.15,210.62,Net Banking
ORD10460,2024-02-24,CUST0224,Pari Gupta,Noida,Uttar Pradesh,North,Standard,Books & Stationery,Stationery,Notebook Set,3,991.07,0.05,358.87,UPI
ORD10543,2024-02-24,CUST0095,Aadhya Mishra,Coimbatore,Tamil Nadu,South,Gold,Beauty & Personal Care,Haircare,Shampoo Pack,2,561.77,0.25,14.98,Debit Card
ORD10666,2024-02-24,CUST0138,Rohan Desai,Kolkata,West Bengal,East,Gold,Books & Stationery,Books,Career Guide Book,1,473.15,0.1,140.89,UPI
ORD10666,2024-02-24,CUST0138,Rohan Desai,Kolkata,West Bengal,East,Gold,Books & Stationery,Stationery,Notebook Set,1,342.02,0.0,136.81,Credit Card
ORD10666,2024-02-24,CUST0138,Rohan Desai,Kolkata,West Bengal,East,Gold,Sports & Outdoors,Fitness,Yoga Mat,1,818.15,0.1,198.17,Cash on Delivery
ORD10955,2024-02-24,CUST0184,Reyansh Iyer,Lucknow,Uttar Pradesh,North,Silver,Books & Stationery,Books,Career Guide Book,1,407.54,0.15,101.65,Credit Card
ORD10158,2024-02-25,CUST0077,Rohan Khan,Coimbatore,Tamil Nadu,South,Silver,Home & Kitchen,Bedding,Cotton Bedsheet,1,1599.84,0.0,463.95,Cash on Delivery
ORD10158,2024-02-25,CUST0077,Rohan Khan,Coimbatore,Tamil Nadu,South,Silver,Electronics,Computing,Wireless Mouse,2,1423.99,0.25,0.0,Debit Card
ORD10396,2024-02-25,CUST0031,Ayaan Sharma,Ahmedabad,Gujarat,West,Standard,Home & Kitchen,Cookware,Non-stick Pan,3,2815.51,0.15,304.74,UPI
ORD10447,2024-02-25,CUST0030,Rohan Singh,Warangal,Telangana,South,Standard,Beauty & Personal Care,Skincare,Face Moisturizer,1,506.02,0.1,128.19,Net Banking
ORD10508,2024-02-25,CUST0150,Ishita Shah,Varanasi,Uttar Pradesh,North,Silver,Home & Kitchen,Cookware,Non-stick Pan,1,1038.08,0.1,170.71,Debit Card
ORD10508,2024-02-25,CUST0150,Ishita Shah,Varanasi,Uttar Pradesh,North,Silver,Home & Kitchen,Cookware,Non-stick Pan,1,1207.58,0.0,313.97,Debit Card
ORD10785,2024-02-25,CUST0215,Arjun Rao,Warangal,Telangana,South,Standard,Fashion,Apparel,Casual Shirt,1,1095.62,0.0,339.64,Net Banking
ORD10785,2024-02-25,CUST0215,Arjun Rao,Warangal,Telangana,South,Standard,Fashion,Apparel,Casual Shirt,3,3862.97,0.0,1197.52,Credit Card
ORD11086,2024-02-25,CUST0167,Meera Khan,Warangal,Telangana,South,Silver,Fashion,Apparel,Casual Shirt,2,2311.36,0.0,716.52,Net Banking
ORD11086,2024-02-25,CUST0167,Meera Khan,Warangal,Telangana,South,Silver,Home & Kitchen,Storage,Storage Organizer,1,512.77,0.15,91.7,Credit Card
ORD11086,2024-02-25,CUST0167,Meera Khan,Warangal,Telangana,South,Silver,Fashion,Apparel,Casual Shirt,1,1303.04,0.0,403.94,Net Banking
ORD10587,2024-02-26,CUST0195,Riya Iyer,Udaipur,Rajasthan,North,Gold,Electronics,Computing,Wireless Mouse,1,722.92,0.05,170.46,Net Banking
ORD10587,2024-02-26,CUST0195,Riya Iyer,Udaipur,Rajasthan,North,Gold,Fashion,Apparel,Denim Jeans,2,2964.77,0.2,96.36,Credit Card
ORD10218,2024-02-27,CUST0215,Arjun Rao,Warangal,Telangana,South,Standard,Home & Kitchen,Storage,Storage Organizer,1,539.69,0.15,96.51,Cash on Delivery
ORD10435,2024-02-27,CUST0231,Sai Iyer,Siliguri,West Bengal,East,Standard,Fashion,Apparel,Casual Shirt,2,2067.01,0.15,345.31,UPI
ORD10435,2024-02-27,CUST0231,Sai Iyer,Siliguri,West Bengal,East,Standard,Home & Kitchen,Lighting,Desk Lamp,2,2298.76,0.05,517.83,Debit Card
ORD10534,2024-02-27,CUST0153,Vihaan Shah,Siliguri,West Bengal,East,Gold,Fashion,Apparel,Denim Jeans,1,1586.95,0.15,153.09,Net Banking
ORD10534,2024-02-27,CUST0153,Vihaan Shah,Siliguri,West Bengal,East,Gold,Fashion,Apparel,Denim Jeans,1,1721.86,0.05,351.62,Net Banking
ORD10863,2024-02-27,CUST0106,Myra Mehta,Chennai,Tamil Nadu,South,Standard,Home & Kitchen,Storage,Storage Organizer,3,1499.38,0.25,79.97,UPI
ORD10482,2024-02-28,CUST0158,Dev Sharma,Kochi,Kerala,South,Standard,Home & Kitchen,Lighting,Desk Lamp,4,4157.75,0.1,729.92,UPI
ORD10482,2024-02-28,CUST0158,Dev Sharma,Kochi,Kerala,South,Standard,Electronics,Computing,Wireless Mouse,3,2645.71,0.0,740.8,Cash on Delivery
ORD10877,2024-02-28,CUST0245,Kabir Sharma,Hyderabad,Telangana,South,Standard,Home & Kitchen,Bedding,Cotton Bedsheet,2,2641.23,0.1,522.38,UPI
ORD10877,2024-02-28,CUST0245,Kabir Sharma,Hyderabad,Telangana,South,Standard,Fashion,Apparel,Casual Shirt,1,1171.71,0.1,257.78,Credit Card
ORD10993,2024-02-28,CUST0215,Arjun Rao,Warangal,Telangana,South,Standard,Books & Stationery,Stationery,Notebook Set,1,283.62,0.15,77.41,Cash on Delivery
ORD10993,2024-02-28,CUST0215,Arjun Rao,Warangal,Telangana,South,Standard,Sports & Outdoors,Fitness,Yoga Mat,1,859.63,0.15,163.84,Debit Card
ORD11068,2024-02-28,CUST0071,Riya Kulkarni,Hyderabad,Telangana,South,Standard,Electronics,Audio,Wireless Earbuds,3,5910.09,0.2,118.2,Net Banking
ORD11068,2024-02-28,CUST0071,Riya Kulkarni,Hyderabad,Telangana,South,Standard,Sports & Outdoors,Outdoor,Insulated Bottle,1,616.07,0.15,131.91,Cash on Delivery
ORD11068,2024-02-28,CUST0071,Riya Kulkarni,Hyderabad,Telangana,South,Standard,Electronics,Accessories,USB-C Hub,1,1970.32,0.0,492.58,Credit Card
ORD10236,2024-02-29,CUST0082,Ishita Desai,New Delhi,Delhi,North,Silver,Fashion,Footwear,Everyday Sneakers,1,2077.35,0.15,127.08,Credit Card
ORD10765,2024-03-01,CUST0049,Tanvi Kulkarni,Thiruvananthapuram,Kerala,South,Standard,Home & Kitchen,Lighting,Desk Lamp,1,860.74,0.2,49.49,Cash on Delivery
ORD10765,2024-03-01,CUST0049,Tanvi Kulkarni,Thiruvananthapuram,Kerala,South,Standard,Electronics,Accessories,USB-C Hub,3,5131.89,0.0,1282.97,Net Banking
ORD11049,2024-03-01,CUST0189,Pari Singh,Jaipur,Rajasthan,North,Silver,Fashion,Footwear,Everyday Sneakers,1,2203.68,0.15,134.81,UPI
ORD11049,2024-03-01,CUST0189,Pari Singh,Jaipur,Rajasthan,North,Silver,Fashion,Accessories,Backpack,2,3430.8,0.1,640.42,Debit Card
ORD10582,2024-03-02,CUST0181,Kabir Nair,New Delhi,Delhi,North,Silver,Fashion,Apparel,Denim Jeans,1,2012.37,0.0,503.09,Debit Card
ORD10085,2024-03-03,CUST0079,Kavya Mishra,Coimbatore,Tamil Nadu,South,Standard,Home & Kitchen,Storage,Storage Organizer,2,1168.77,0.1,270.12,Debit Card
ORD10632,2024-03-03,CUST0060,Aarav Mehta,Varanasi,Uttar Pradesh,North,Standard,Beauty & Personal Care,Haircare,Shampoo Pack,2,713.88,0.1,149.12,Net Banking
ORD10832,2024-03-03,CUST0240,Meera Iyer,Chennai,Tamil Nadu,South,Silver,Home & Kitchen,Lighting,Desk Lamp,2,2182.64,0.05,491.67,Cash on Delivery
ORD10832,2024-03-03,CUST0240,Meera Iyer,Chennai,Tamil Nadu,South,Silver,Electronics,Computing,Wireless Mouse,1,702.41,0.15,92.55,Net Banking
ORD10403,2024-03-04,CUST0072,Saanvi Bose,New Delhi,Delhi,North,Gold,Beauty & Personal Care,Skincare,Face Moisturizer,3,1244.12,0.15,251.75,Cash on Delivery
ORD10766,2024-03-06,CUST0036,Saanvi Singh,Vadodara,Gujarat,West,Standard,Home & Kitchen,Bedding,Cotton Bedsheet,1,1229.7,0.15,176.5,UPI
ORD10691,2024-03-08,CUST0159,Tanvi Verma,Noida,Uttar Pradesh,North,Standard,Electronics,Accessories,Laptop Stand,2,2584.32,0.05,663.76,UPI
ORD10082,2024-03-09,CUST0062,Ishaan Singh,Bengaluru,Karnataka,South,Gold,Electronics,Accessories,Laptop Stand,1,1296.3,0.15,201.31,Credit Card
ORD10160,2024-03-10,CUST0006,Rahul Gupta,Bengaluru,Karnataka,South,Standard,Home & Kitchen,Lighting,Desk Lamp,1,1176.37,0.0,317.62,Cash on Delivery
ORD10078,2024-03-11,CUST0233,Tanvi Sharma,Nashik,Maharashtra,West,Silver,Sports & Outdoors,Outdoor,Insulated Bottle,1,670.67,0.1,177.35,Net Banking
ORD10078,2024-03-11,CUST0233,Tanvi Sharma,Nashik,Maharashtra,West,Silver,Fashion,Apparel,Denim Jeans,4,7860.48,0.05,1605.19,Net Banking
ORD10078,2024-03-11,CUST0233,Tanvi Sharma,Nashik,Maharashtra,West,Silver,Beauty & Personal Care,Skincare,Face Moisturizer,1,449.58,0.25,35.97,Credit Card
ORD10485,2024-03-12,CUST0047,Rohan Desai,Kochi,Kerala,South,Standard,Home & Kitchen,Lighting,Desk Lamp,2,2195.81,0.0,592.87,Credit Card
ORD10515,2024-03-13,CUST0213,Saanvi Pillai,Jaipur,Rajasthan,North,Gold,Fashion,Accessories,Backpack,2,3526.8,0.05,831.58,Cash on Delivery
ORD10047,2024-03-16,CUST0141,Pari Mehta,Thiruvananthapuram,Kerala,South,Standard,Sports & Outdoors,Fitness,Yoga Mat,2,2016.87,0.05,581.71,Cash on Delivery
ORD10285,2024-03-16,CUST0012,Kabir Reddy,Vadodara,Gujarat,West,Standard,Fashion,Footwear,Everyday Sneakers,2,4037.62,0.1,484.51,Debit Card
ORD10484,2024-03-16,CUST0066,Kavya Desai,New Delhi,Delhi,North,Standard,Electronics,Accessories,Laptop Stand,1,1189.57,0.05,305.53,Debit Card
ORD10701,2024-03-16,CUST0097,Kiara Chopra,Noida,Uttar Pradesh,North,Silver,Books & Stationery,Stationery,Notebook Set,1,281.7,0.05,102.01,Cash on Delivery
ORD10858,2024-03-16,CUST0167,Meera Khan,Warangal,Telangana,South,Silver,Home & Kitchen,Storage,Storage Organizer,1,555.11,0.05,154.26,UPI
ORD10097,2024-03-17,CUST0134,Ishaan Mishra,Warangal,Telangana,South,Silver,Electronics,Accessories,Laptop Stand,2,2727.17,0.1,569.68,Credit Card
ORD10097,2024-03-17,CUST0134,Ishaan Mishra,Warangal,Telangana,South,Silver,Electronics,Computing,Wireless Mouse,2,1702.34,0.0,476.65,Debit Card
ORD10926,2024-03-17,CUST0174,Tanvi Mishra,Coimbatore,Tamil Nadu,South,Standard,Electronics,Accessories,Laptop Stand,1,1180.9,0.15,183.39,Net Banking
ORD10926,2024-03-17,CUST0174,Tanvi Mishra,Coimbatore,Tamil Nadu,South,Standard,Home & Kitchen,Lighting,Desk Lamp,1,1123.75,0.05,253.14,Cash on Delivery
ORD10926,2024-03-17,CUST0174,Tanvi Mishra,Coimbatore,Tamil Nadu,South,Standard,Books & Stationery,Books,Career Guide Book,3,1168.72,0.15,291.49,Net Banking
ORD10307,2024-03-19,CUST0045,Vivaan Mishra,New Delhi,Delhi,North,Standard,Fashion,Footwear,Everyday Sneakers,1,2320.64,0.0,510.54,UPI
ORD10544,2024-03-19,CUST0136,Kiara Sharma,Chennai,Tamil Nadu,South,Standard,Home & Kitchen,Storage,Storage Organizer,2,1076.53,0.1,248.8,Debit Card
ORD10548,2024-03-19,CUST0109,Aadhya Nair,Thiruvananthapuram,Kerala,South,Standard,Home & Kitchen,Cookware,Non-stick Pan,3,3222.37,0.1,529.9,Debit Card
ORD10612,2024-03-19,CUST0047,Rohan Desai,Kochi,Kerala,South,Standard,Sports & Outdoors,Outdoor,Insulated Bottle,2,992.58,0.2,156.33,UPI
ORD10986,2024-03-19,CUST0166,Dev Iyer,Mysuru,Karnataka,South,Standard,Books & Stationery,Stationery,Notebook Set,1,292.46,0.15,79.82,Credit Card
ORD10455,2024-03-20,CUST0167,Meera Khan,Warangal,Telangana,South,Silver,Sports & Outdoors,Outdoor,Insulated Bottle,1,603.6,0.1,159.62,UPI
ORD10455,2024-03-20,CUST0167,Meera Khan,Warangal,Telangana,South,Silver,Sports & Outdoors,Fitness,Yoga Mat,1,638.9,0.25,42.59,UPI
ORD10656,2024-03-20,CUST0056,Krishna Joshi,Jaipur,Rajasthan,North,Standard,Books & Stationery,Books,Career Guide Book,1,460.91,0.1,137.25,Debit Card
ORD10023,2024-03-21,CUST0181,Kabir Nair,New Delhi,Delhi,North,Silver,Home & Kitchen,Storage,Storage Organizer,2,1110.53,0.05,308.61,Debit Card
ORD11025,2024-03-21,CUST0243,Kavya Kulkarni,Siliguri,West Bengal,East,Standard,Home & Kitchen,Bedding,Cotton Bedsheet,2,3045.15,0.05,750.07,Debit Card
ORD11025,2024-03-21,CUST0243,Kavya Kulkarni,Siliguri,West Bengal,East,Standard,Sports & Outdoors,Fitness,Yoga Mat,2,1823.7,0.1,441.74,Debit Card
ORD10012,2024-03-22,CUST0157,Ayaan Pillai,Siliguri,West Bengal,East,Standard,Home & Kitchen,Lighting,Desk Lamp,3,3131.97,0.1,549.84,Cash on Delivery
ORD10998,2024-03-22,CUST0148,Saanvi Rao,Mysuru,Karnataka,South,Standard,Books & Stationery,Stationery,Notebook Set,1,295.41,0.0,118.16,Debit Card
ORD10948,2024-03-23,CUST0150,Ishita Shah,Varanasi,Uttar Pradesh,North,Silver,Electronics,Accessories,Laptop Stand,1,1429.5,0.05,367.16,Net Banking
ORD10596,2024-03-25,CUST0082,Ishita Desai,New Delhi,Delhi,North,Silver,Home & Kitchen,Bedding,Cotton Bedsheet,1,1295.22,0.25,17.27,Credit Card
ORD10843,2024-03-26,CUST0037,Vivaan Khan,Mumbai,Maharashtra,West,Silver,Electronics,Audio,Wireless Earbuds,2,4707.99,0.0,1129.92,Cash on Delivery
ORD10717,2024-03-28,CUST0091,Kabir Desai,Udaipur,Rajasthan,North,Standard,Home & Kitchen,Lighting,Desk Lamp,1,862.62,0.2,49.6,Net Banking
ORD10867,2024-03-28,CUST0062,Ishaan Singh,Bengaluru,Karnataka,South,Gold,Electronics,Accessories,Laptop Stand,2,2120.49,0.15,329.3,Debit Card
ORD10867,2024-03-28,CUST0062,Ishaan Singh,Bengaluru,Karnataka,South,Gold,Electronics,Computing,Wireless Mouse,3,2462.27,0.0,689.44,Debit Card
ORD10867,2024-03-28,CUST0062,Ishaan Singh,Bengaluru,Karnataka,South,Gold,Beauty & Personal Care,Skincare,Face Moisturizer,1,508.79,0.05,152.1,Debit Card
ORD10069,2024-03-29,CUST0133,Rahul Verma,Kochi,Kerala,South,Standard,Electronics,Accessories,USB-C Hub,1,1723.8,0.0,430.95,Credit Card
ORD10164,2024-03-29,CUST0018,Arjun Verma,New Delhi,Delhi,North,Standard,Electronics,Accessories,USB-C Hub,1,1545.85,0.1,237.03,Credit Card
ORD10164,2024-03-29,CUST0018,Arjun Verma,New Delhi,Delhi,North,Standard,Electronics,Accessories,USB-C Hub,1,1588.9,0.0,397.23,Net Banking
ORD10636,2024-03-29,CUST0173,Aditya Bose,Bengaluru,Karnataka,South,Gold,Home & Kitchen,Cookware,Non-stick Pan,1,1247.66,0.0,324.39,Net Banking
ORD10535,2024-03-30,CUST0217,Rohan Mehta,Thiruvananthapuram,Kerala,South,Standard,Sports & Outdoors,Fitness,Yoga Mat,2,1686.4,0.1,408.48,Credit Card
ORD10809,2024-03-30,CUST0161,Pari Gupta,New Delhi,Delhi,North,Silver,Beauty & Personal Care,Haircare,Shampoo Pack,2,693.72,0.2,65.9,UPI
ORD10809,2024-03-30,CUST0161,Pari Gupta,New Delhi,Delhi,North,Silver,Home & Kitchen,Bedding,Cotton Bedsheet,3,4290.14,0.0,1244.14,Debit Card
ORD10237,2024-03-31,CUST0126,Vihaan Nair,Udaipur,Rajasthan,North,Standard,Beauty & Personal Care,Haircare,Shampoo Pack,2,840.43,0.1,175.56,Net Banking
ORD10064,2024-04-01,CUST0225,Nisha Patel,New Delhi,Delhi,North,Standard,Home & Kitchen,Bedding,Cotton Bedsheet,2,3005.06,0.15,431.31,Credit Card
ORD10599,2024-04-01,CUST0159,Tanvi Verma,Noida,Uttar Pradesh,North,Standard,Home & Kitchen,Lighting,Desk Lamp,1,784.91,0.2,45.13,Cash on Delivery
ORD10599,2024-04-01,CUST0159,Tanvi Verma,Noida,Uttar Pradesh,North,Standard,Beauty & Personal Care,Haircare,Shampoo Pack,2,932.34,0.0,279.7,Credit Card
ORD10599,2024-04-01,CUST0159,Tanvi Verma,Noida,Uttar Pradesh,North,Standard,Electronics,Accessories,USB-C Hub,1,1726.28,0.1,264.7,Net Banking
ORD10804,2024-04-01,CUST0087,Kiara Desai,Kolkata,West Bengal,East,Gold,Fashion,Accessories,Backpack,2,3750.4,0.0,1050.11,Debit Card
ORD11074,2024-04-02,CUST0026,Ayaan Patel,New Delhi,Delhi,North,Standard,Electronics,Computing,Wireless Mouse,1,850.51,0.1,158.76,Credit Card
ORD10368,2024-04-03,CUST0043,Saanvi Chopra,Siliguri,West Bengal,East,Silver,Fashion,Accessories,Backpack,3,4055.75,0.25,0.0,UPI
ORD10145,2024-04-05,CUST0022,Vihaan Joshi,Warangal,Telangana,South,Standard,Fashion,Footwear,Everyday Sneakers,2,3798.25,0.2,-18.99,Net Banking
ORD10449,2024-04-05,CUST0146,Riya Das,Hyderabad,Telangana,South,Silver,Sports & Outdoors,Fitness,Yoga Mat,1,933.78,0.05,269.32,Net Banking
ORD10449,2024-04-05,CUST0146,Riya Das,Hyderabad,Telangana,South,Silver,Sports & Outdoors,Outdoor,Insulated Bottle,1,760.66,0.0,266.23,Cash on Delivery
ORD10364,2024-04-06,CUST0053,Nisha Desai,New Delhi,Delhi,North,Standard,Home & Kitchen,Lighting,Desk Lamp,1,892.84,0.15,107.14,Debit Card
ORD10102,2024-04-07,CUST0146,Riya Das,Hyderabad,Telangana,South,Silver,Electronics,Accessories,Laptop Stand,1,1171.69,0.2,111.31,Cash on Delivery
ORD10102,2024-04-07,CUST0146,Riya Das,Hyderabad,Telangana,South,Silver,Sports & Outdoors,Outdoor,Insulated Bottle,1,584.79,0.2,92.1,Debit Card
ORD10283,2024-04-08,CUST0132,Ayaan Mehta,Hyderabad,Telangana,South,Standard,Books & Stationery,Stationery,Notebook Set,2,536.02,0.1,171.53,Credit Card
ORD11089,2024-04-08,CUST0190,Ishita Singh,Thiruvananthapuram,Kerala,South,Standard,Fashion,Accessories,Backpack,2,3729.54,0.0,1044.27,Debit Card
ORD10048,2024-04-09,CUST0034,Rohan Rao,Coimbatore,Tamil Nadu,South,Standard,Fashion,Accessories,Backpack,2,3041.13,0.05,717.07,Cash on Delivery
ORD10949,2024-04-10,CUST0110,Neha Joshi,Chennai,Tamil Nadu,South,Silver,Fashion,Apparel,Casual Shirt,2,2363.03,0.0,732.54,Debit Card
ORD10949,2024-04-10,CUST0110,Neha Joshi,Chennai,Tamil Nadu,South,Silver,Home & Kitchen,Cookware,Non-stick Pan,2,2281.41,0.0,593.17,Cash on Delivery
ORD10642,2024-04-11,CUST0129,Riya Joshi,Ahmedabad,Gujarat,West,Standard,Fashion,Apparel,Denim Jeans,1,2058.96,0.0,514.74,Net Banking
ORD10668,2024-04-11,CUST0027,Priya Rao,Ahmedabad,Gujarat,West,Silver,Fashion,Apparel,Casual Shirt,1,1027.72,0.05,274.78,Debit Card
ORD10798,2024-04-11,CUST0055,Nisha Iyer,Hyderabad,Telangana,South,Standard,Electronics,Accessories,Laptop Stand,1,1332.7,0.0,399.81,Credit Card
ORD10806,2024-04-11,CUST0071,Riya Kulkarni,Hyderabad,Telangana,South,Standard,Home & Kitchen,Storage,Storage Organizer,1,510.16,0.15,91.23,Cash on Delivery
ORD10806,2024-04-11,CUST0071,Riya Kulkarni,Hyderabad,Telangana,South,Standard,Books & Stationery,Stationery,Notebook Set,2,509.16,0.2,112.01,Credit Card
ORD10155,2024-04-12,CUST0026,Ayaan Patel,New Delhi,Delhi,North,Standard,Electronics,Accessories,USB-C Hub,2,3800.23,0.05,776.05,Debit Card
ORD10893,2024-04-12,CUST0231,Sai Iyer,Siliguri,West Bengal,East,Standard,Books & Stationery,Books,Career Guide Book,2,911.59,0.0,346.41,Net Banking
ORD10360,2024-04-14,CUST0007,Meera Kulkarni,New Delhi,Delhi,North,Silver,Home & Kitchen,Cookware,Non-stick Pan,2,1988.73,0.15,215.25,Credit Card
ORD10641,2024-04-14,CUST0154,Sai Joshi,Madurai,Tamil Nadu,South,Standard,Electronics,Accessories,Laptop Stand,1,1271.67,0.0,381.5,Credit Card
ORD10641,2024-04-14,CUST0154,Sai Joshi,Madurai,Tamil Nadu,South,Standard,Fashion,Apparel,Denim Jeans,1,1779.67,0.05,363.43,Cash on Delivery
ORD10452,2024-04-15,CUST0037,Vivaan Khan,Mumbai,Maharashtra,West,Silver,Electronics,Accessories,USB-C Hub,1,1733.7,0.1,265.83,Cash on Delivery
ORD10630,2024-04-15,CUST0088,Rohan Verma,Mysuru,Karnataka,South,Gold,Beauty & Personal Care,Haircare,Shampoo Pack,4,1420.47,0.2,134.94,Cash on Delivery
ORD10481,2024-04-16,CUST0027,Priya Rao,Ahmedabad,Gujarat,West,Silver,Fashion,Apparel,Denim Jeans,1,1672.04,0.05,341.45,UPI
ORD10892,2024-04-16,CUST0249,Diya Singh,Kolkata,West Bengal,East,Gold,Electronics,Audio,Wireless Earbuds,2,3956.58,0.1,562.71,Cash on Delivery
ORD10264,2024-04-18,CUST0099,Sai Pillai,Varanasi,Uttar Pradesh,North,Gold,Home & Kitchen,Storage,Storage Organizer,1,584.66,0.15,104.55,Net Banking
ORD10496,2024-04-18,CUST0019,Kabir Reddy,Ahmedabad,Gujarat,West,Silver,Home & Kitchen,Bedding,Cotton Bedsheet,1,1537.54,0.0,445.89,Net Banking
ORD11021,2024-04-18,CUST0248,Ira Reddy,New Delhi,Delhi,North,Standard,Fashion,Footwear,Everyday Sneakers,1,2595.14,0.0,570.93,Credit Card
ORD11021,2024-04-18,CUST0248,Ira Reddy,New Delhi,Delhi,North,Standard,Electronics,Audio,Wireless Earbuds,2,4812.52,0.0,1155.0,Cash on Delivery
ORD10333,2024-04-19,CUST0043,Saanvi Chopra,Siliguri,West Bengal,East,Silver,Electronics,Computing,Wireless Mouse,2,1484.48,0.15,195.6,Cash on Delivery
ORD10491,2024-04-19,CUST0174,Tanvi Mishra,Coimbatore,Tamil Nadu,South,Standard,Fashion,Apparel,Denim Jeans,1,1497.38,0.2,48.66,Credit Card
ORD10866,2024-04-19,CUST0045,Vivaan Mishra,New Delhi,Delhi,North,Standard,Electronics,Audio,Wireless Earbuds,2,4231.86,0.05,819.64,UPI
ORD10199,2024-04-20,CUST0093,Ayaan Khan,Bengaluru,Karnataka,South,Silver,Electronics,Accessories,Laptop Stand,1,1323.98,0.15,205.61,Net Banking
ORD10199,2024-04-20,CUST0093,Ayaan Khan,Bengaluru,Karnataka,South,Silver,Sports & Outdoors,Outdoor,Insulated Bottle,3,1935.32,0.05,598.93,Net Banking
ORD10266,2024-04-20,CUST0179,Aarav Khan,Warangal,Telangana,South,Standard,Electronics,Accessories,Laptop Stand,3,3431.62,0.2,326.0,Net Banking
ORD10266,2024-04-20,CUST0179,Aarav Khan,Warangal,Telangana,South,Standard,Sports & Outdoors,Fitness,Yoga Mat,2,1300.05,0.25,86.67,Net Banking
ORD10313,2024-04-21,CUST0102,Ananya Nair,Warangal,Telangana,South,Standard,Books & Stationery,Books,Career Guide Book,3,1271.05,0.1,378.49,Credit Card
ORD10428,2024-04-21,CUST0155,Ishita Mehta,Ahmedabad,Gujarat,West,Standard,Books & Stationery,Books,Career Guide Book,4,1806.24,0.1,537.86,Debit Card
ORD10865,2024-04-21,CUST0051,Aarav Pillai,New Delhi,Delhi,North,Silver,Fashion,Apparel,Denim Jeans,2,2695.66,0.2,87.61,Debit Card
ORD10933,2024-04-23,CUST0163,Neha Khan,New Delhi,Delhi,North,Standard,Electronics,Accessories,Laptop Stand,3,3543.01,0.1,740.1,Cash on Delivery
ORD10067,2024-04-25,CUST0051,Aarav Pillai,New Delhi,Delhi,North,Silver,Sports & Outdoors,Fitness,Yoga Mat,2,1426.66,0.15,271.9,Debit Card
ORD10138,2024-04-25,CUST0139,Saanvi Mehta,Kochi,Kerala,South,Standard,Fashion,Footwear,Everyday Sneakers,2,3949.63,0.15,241.62,UPI
ORD10416,2024-04-25,CUST0180,Ishita Joshi,Nashik,Maharashtra,West,Silver,Books & Stationery,Stationery,Notebook Set,1,284.61,0.1,91.07,Credit Card
ORD10451,2024-04-25,CUST0020,Aadhya Bose,Surat,Gujarat,West,Gold,Sports & Outdoors,Fitness,Yoga Mat,3,2609.13,0.05,752.53,Cash on Delivery
ORD10813,2024-04-25,CUST0099,Sai Pillai,Varanasi,Uttar Pradesh,North,Gold,Home & Kitchen,Bedding,Cotton Bedsheet,3,4169.75,0.2,344.0,Debit Card
ORD10852,2024-04-25,CUST0204,Aarav Singh,Pune,Maharashtra,West,Silver,Fashion,Footwear,Everyday Sneakers,1,2076.19,0.05,358.42,Net Banking
ORD10028,2024-04-26,CUST0065,Nisha Das,Bengaluru,Karnataka,South,Standard,Home & Kitchen,Storage,Storage Organizer,1,626.64,0.05,174.14,Debit Card
ORD10247,2024-04-26,CUST0033,Nisha Patel,Chennai,Tamil Nadu,South,Silver,Sports & Outdoors,Outdoor,Insulated Bottle,1,660.18,0.0,231.06,Cash on Delivery
ORD10247,2024-04-26,CUST0033,Nisha Patel,Chennai,Tamil Nadu,South,Silver,Home & Kitchen,Lighting,Desk Lamp,1,909.3,0.1,159.63,Cash on Delivery
ORD10671,2024-04-27,CUST0101,Saanvi Iyer,Vadodara,Gujarat,West,Silver,Fashion,Accessories,Backpack,1,1569.02,0.1,292.88,Net Banking
ORD10633,2024-04-29,CUST0220,Vihaan Kulkarni,Udaipur,Rajasthan,North,Standard,Fashion,Apparel,Denim Jeans,1,1571.01,0.1,240.89,Credit Card
ORD10166,2024-04-30,CUST0183,Priya Iyer,Thiruvananthapuram,Kerala,South,Standard,Electronics,Audio,Wireless Earbuds,1,1991.34,0.1,283.21,Debit Card
ORD10166,2024-04-30,CUST0183,Priya Iyer,Thiruvananthapuram,Kerala,South,Standard,Electronics,Computing,Wireless Mouse,1,683.38,0.1,127.56,Cash on Delivery
ORD10233,2024-04-30,CUST0119,Ira Nair,Hyderabad,Telangana,South,Standard,Electronics,Computing,Wireless Mouse,1,772.44,0.0,216.28,Net Banking
ORD10568,2024-05-01,CUST0248,Ira Reddy,New Delhi,Delhi,North,Standard,Fashion,Accessories,Backpack,3,4198.8,0.1,783.78,Credit Card
ORD10788,2024-05-01,CUST0063,Reyansh Desai,Nagpur,Maharashtra,West,Silver,Sports & Outdoors,Outdoor,Insulated Bottle,1,580.48,0.1,153.5,Net Banking
ORD10170,2024-05-02,CUST0147,Diya Das,Surat,Gujarat,West,Standard,Electronics,Accessories,Laptop Stand,1,1327.49,0.15,206.15,Net Banking
ORD10276,2024-05-02,CUST0184,Reyansh Iyer,Lucknow,Uttar Pradesh,North,Silver,Beauty & Personal Care,Haircare,Shampoo Pack,1,366.53,0.05,94.14,Debit Card
ORD10790,2024-05-02,CUST0098,Krishna Das,Kolkata,West Bengal,East,Standard,Electronics,Accessories,USB-C Hub,1,1533.58,0.15,147.95,UPI
ORD10243,2024-05-06,CUST0131,Riya Patel,Kolkata,West Bengal,East,Standard,Electronics,Accessories,Laptop Stand,1,1342.03,0.1,280.33,Cash on Delivery
ORD10757,2024-05-07,CUST0248,Ira Reddy,New Delhi,Delhi,North,Standard,Home & Kitchen,Storage,Storage Organizer,1,550.64,0.1,127.26,Debit Card
ORD10889,2024-05-07,CUST0130,Krishna Rao,Bengaluru,Karnataka,South,Standard,Sports & Outdoors,Fitness,Yoga Mat,1,973.59,0.05,280.8,Net Banking
ORD10792,2024-05-08,CUST0078,Aadhya Chopra,Thiruvananthapuram,Kerala,South,Silver,Electronics,Computing,Wireless Mouse,2,1372.24,0.2,96.06,Net Banking
ORD10650,2024-05-09,CUST0181,Kabir Nair,New Delhi,Delhi,North,Silver,Books & Stationery,Stationery,Notebook Set,1,323.98,0.0,129.59,Cash on Delivery
ORD10509,2024-05-10,CUST0054,Meera Verma,Udaipur,Rajasthan,North,Standard,Electronics,Accessories,Laptop Stand,1,1388.42,0.0,416.53,Net Banking
ORD10621,2024-05-10,CUST0041,Saanvi Rao,Chennai,Tamil Nadu,South,Standard,Fashion,Apparel,Casual Shirt,3,3080.97,0.1,677.81,UPI
ORD10036,2024-05-12,CUST0192,Kabir Das,Siliguri,West Bengal,East,Standard,Electronics,Accessories,Laptop Stand,3,3602.3,0.1,752.48,Credit Card
ORD10043,2024-05-13,CUST0245,Kabir Sharma,Hyderabad,Telangana,South,Standard,Books & Stationery,Books,Career Guide Book,2,904.66,0.05,308.54,Debit Card
ORD10043,2024-05-13,CUST0245,Kabir Sharma,Hyderabad,Telangana,South,Standard,Sports & Outdoors,Fitness,Yoga Mat,1,902.17,0.0,297.72,Net Banking
ORD10315,2024-05-13,CUST0125,Reyansh Rao,Bengaluru,Karnataka,South,Standard,Books & Stationery,Stationery,Notebook Set,3,818.66,0.2,180.11,Net Banking
ORD10315,2024-05-13,CUST0125,Reyansh Rao,Bengaluru,Karnataka,South,Standard,Books & Stationery,Books,Career Guide Book,1,402.21,0.2,78.43,Net Banking
ORD10392,2024-05-13,CUST0193,Myra Mehta,Nagpur,Maharashtra,West,Standard,Sports & Outdoors,Outdoor,Insulated Bottle,2,1306.04,0.1,345.38,Credit Card
ORD10392,2024-05-13,CUST0193,Myra Mehta,Nagpur,Maharashtra,West,Standard,Books & Stationery,Stationery,Notebook Set,2,510.87,0.15,139.44,UPI
ORD10151,2024-05-15,CUST0123,Diya Pillai,Udaipur,Rajasthan,North,Standard,Books & Stationery,Books,Career Guide Book,2,1005.07,0.0,381.92,UPI
ORD10270,2024-05-15,CUST0230,Rahul Kulkarni,Chennai,Tamil Nadu,South,Standard,Home & Kitchen,Storage,Storage Organizer,1,528.95,0.15,94.59,UPI
ORD10270,2024-05-15,CUST0230,Rahul Kulkarni,Chennai,Tamil Nadu,South,Standard,Fashion,Apparel,Denim Jeans,2,3783.35,0.1,580.11,Net Banking
ORD10270,2024-05-15,CUST0230,Rahul Kulkarni,Chennai,Tamil Nadu,South,Standard,Books & Stationery,Stationery,Notebook Set,1,274.94,0.2,60.49,Cash on Delivery
ORD10441,2024-05-15,CUST0170,Rahul Mehta,Lucknow,Uttar Pradesh,North,Standard,Electronics,Accessories,Laptop Stand,1,1196.38,0.15,185.79,UPI
ORD11076,2024-05-15,CUST0186,Priya Gupta,Siliguri,West Bengal,East,Silver,Beauty & Personal Care,Skincare,Face Moisturizer,2,1005.07,0.0,341.72,Debit Card
ORD10427,2024-05-17,CUST0077,Rohan Khan,Coimbatore,Tamil Nadu,South,Silver,Fashion,Footwear,Everyday Sneakers,1,2009.58,0.1,241.15,Credit Card
ORD10764,2024-05-17,CUST0049,Tanvi Kulkarni,Thiruvananthapuram,Kerala,South,Standard,Home & Kitchen,Storage,Storage Organizer,1,660.47,0.0,211.35,Credit Card
ORD11054,2024-05-18,CUST0231,Sai Iyer,Siliguri,West Bengal,East,Standard,Sports & Outdoors,Outdoor,Insulated Bottle,1,577.13,0.1,152.62,UPI
ORD10464,2024-05-19,CUST0166,Dev Iyer,Mysuru,Karnataka,South,Standard,Beauty & Personal Care,Haircare,Shampoo Pack,3,1055.27,0.2,100.25,Net Banking
ORD10558,2024-05-19,CUST0031,Ayaan Sharma,Ahmedabad,Gujarat,West,Standard,Fashion,Apparel,Denim Jeans,2,3042.93,0.1,466.58,Debit Card
ORD10586,2024-05-19,CUST0044,Reyansh Patel,Coimbatore,Tamil Nadu,South,Standard,Fashion,Footwear,Everyday Sneakers,2,5206.1,0.0,1145.34,Net Banking
ORD10004,2024-05-20,CUST0051,Aarav Pillai,New Delhi,Delhi,North,Silver,Fashion,Apparel,Casual Shirt,3,3834.04,0.0,1188.55,Cash on Delivery
ORD10011,2024-05-20,CUST0197,Dev Singh,Kolkata,West Bengal,East,Standard,Sports & Outdoors,Outdoor,Insulated Bottle,2,1469.06,0.0,514.17,Net Banking
ORD10747,2024-05-20,CUST0024,Arjun Singh,Jaipur,Rajasthan,North,Silver,Fashion,Apparel,Casual Shirt,1,1178.86,0.05,315.19,Credit Card
ORD10118,2024-05-22,CUST0169,Kabir Joshi,Ahmedabad,Gujarat,West,Gold,Home & Kitchen,Bedding,Cotton Bedsheet,1,1570.48,0.0,455.44,Net Banking
ORD10963,2024-05-23,CUST0090,Krishna Desai,Siliguri,West Bengal,East,Silver,Fashion,Apparel,Casual Shirt,3,3893.18,0.0,1206.88,Net Banking
ORD10936,2024-05-25,CUST0223,Arjun Shah,Lucknow,Uttar Pradesh,North,Standard,Sports & Outdoors,Outdoor,Insulated Bottle,1,779.69,0.0,272.89,UPI
ORD10936,2024-05-25,CUST0223,Arjun Shah,Lucknow,Uttar Pradesh,North,Standard,Home & Kitchen,Storage,Storage Organizer,2,1063.46,0.2,127.62,Net Banking
ORD10936,2024-05-25,CUST0223,Arjun Shah,Lucknow,Uttar Pradesh,North,Standard,Electronics,Audio,Wireless Earbuds,1,1993.76,0.0,478.5,UPI
ORD10026,2024-05-26,CUST0239,Priya Iyer,New Delhi,Delhi,North,Standard,Sports & Outdoors,Fitness,Yoga Mat,1,1013.5,0.0,334.46,Debit Card
ORD10026,2024-05-26,CUST0239,Priya Iyer,New Delhi,Delhi,North,Standard,Fashion,Apparel,Denim Jeans,1,1753.13,0.1,268.81,Net Banking
ORD10801,2024-05-26,CUST0235,Kavya Bose,New Delhi,Delhi,North,Standard,Electronics,Computing,Wireless Mouse,2,1666.6,0.05,392.97,Credit Card
ORD10658,2024-05-27,CUST0206,Priya Sharma,Jaipur,Rajasthan,North,Standard,Sports & Outdoors,Outdoor,Insulated Bottle,2,1468.72,0.0,514.05,Cash on Delivery
ORD10419,2024-05-28,CUST0044,Reyansh Patel,Coimbatore,Tamil Nadu,South,Standard,Electronics,Accessories,Laptop Stand,1,1415.75,0.05,363.62,Net Banking
ORD10475,2024-05-28,CUST0247,Vivaan Pillai,Kolkata,West Bengal,East,Standard,Home & Kitchen,Cookware,Non-stick Pan,3,3120.91,0.15,337.79,Net Banking
ORD10059,2024-05-29,CUST0205,Sai Kulkarni,New Delhi,Delhi,North,Standard,Fashion,Apparel,Casual Shirt,4,5288.46,0.0,1639.42,Debit Card
ORD10272,2024-05-29,CUST0172,Ira Das,Bengaluru,Karnataka,South,Standard,Fashion,Apparel,Casual Shirt,1,1043.37,0.1,229.54,Net Banking
ORD10272,2024-05-29,CUST0172,Ira Das,Bengaluru,Karnataka,South,Standard,Electronics,Accessories,USB-C Hub,2,3105.45,0.15,299.58,Credit Card
ORD10362,2024-05-29,CUST0087,Kiara Desai,Kolkata,West Bengal,East,Gold,Beauty & Personal Care,Skincare,Face Moisturizer,1,458.43,0.1,116.14,Debit Card
ORD10408,2024-05-29,CUST0049,Tanvi Kulkarni,Thiruvananthapuram,Kerala,South,Standard,Fashion,Accessories,Backpack,3,4624.36,0.1,863.21,Net Banking
ORD10408,2024-05-29,CUST0049,Tanvi Kulkarni,Thiruvananthapuram,Kerala,South,Standard,Fashion,Footwear,Everyday Sneakers,1,2187.77,0.0,481.31,UPI
ORD10565,2024-05-30,CUST0132,Ayaan Mehta,Hyderabad,Telangana,South,Standard,Electronics,Accessories,USB-C Hub,1,1515.34,0.1,232.35,Credit Card
ORD10565,2024-05-30,CUST0132,Ayaan Mehta,Hyderabad,Telangana,South,Standard,Electronics,Audio,Wireless Earbuds,1,1972.02,0.0,473.29,UPI
ORD10655,2024-05-30,CUST0118,Diya Kulkarni,Kolkata,West Bengal,East,Standard,Beauty & Personal Care,Haircare,Shampoo Pack,1,459.16,0.0,137.75,Net Banking
ORD10929,2024-05-30,CUST0164,Vivaan Iyer,Mysuru,Karnataka,South,Standard,Electronics,Accessories,USB-C Hub,2,3940.5,0.0,985.13,Credit Card
ORD10192,2024-05-31,CUST0018,Arjun Verma,New Delhi,Delhi,North,Standard,Home & Kitchen,Cookware,Non-stick Pan,2,2173.12,0.2,97.79,UPI
ORD10522,2024-05-31,CUST0031,Ayaan Sharma,Ahmedabad,Gujarat,West,Standard,Home & Kitchen,Lighting,Desk Lamp,2,1881.71,0.1,330.35,Cash on Delivery
ORD10300,2024-06-01,CUST0122,Myra Chopra,Thiruvananthapuram,Kerala,South,Standard,Home & Kitchen,Bedding,Cotton Bedsheet,3,4690.31,0.1,927.64,Credit Card
ORD10436,2024-06-01,CUST0020,Aadhya Bose,Surat,Gujarat,West,Gold,Electronics,Audio,Wireless Earbuds,1,2107.19,0.05,408.13,Credit Card
ORD10341,2024-06-02,CUST0052,Kiara Nair,Ahmedabad,Gujarat,West,Standard,Electronics,Audio,Wireless Earbuds,1,2215.49,0.1,315.09,Cash on Delivery
ORD10944,2024-06-02,CUST0120,Neha Rao,Kolkata,West Bengal,East,Silver,Fashion,Apparel,Casual Shirt,2,1943.86,0.15,324.74,Debit Card
ORD10608,2024-06-03,CUST0190,Ishita Singh,Thiruvananthapuram,Kerala,South,Standard,Sports & Outdoors,Fitness,Yoga Mat,1,888.41,0.0,293.17,UPI
ORD10640,2024-06-03,CUST0069,Krishna Sharma,Noida,Uttar Pradesh,North,Gold,Books & Stationery,Books,Career Guide Book,2,856.42,0.0,325.44,Net Banking
ORD10640,2024-06-03,CUST0069,Krishna Sharma,Noida,Uttar Pradesh,North,Gold,Sports & Outdoors,Fitness,Yoga Mat,4,3597.96,0.15,685.73,Cash on Delivery
ORD10931,2024-06-03,CUST0112,Ira Gupta,New Delhi,Delhi,North,Standard,Beauty & Personal Care,Haircare,Shampoo Pack,1,397.08,0.0,119.12,UPI
ORD11028,2024-06-04,CUST0068,Ishaan Desai,Siliguri,West Bengal,East,Standard,Home & Kitchen,Storage,Storage Organizer,2,1145.66,0.05,318.37,UPI
ORD10823,2024-06-05,CUST0064,Meera Iyer,Udaipur,Rajasthan,North,Gold,Home & Kitchen,Storage,Storage Organizer,1,600.79,0.15,107.44,Credit Card
ORD10823,2024-06-05,CUST0064,Meera Iyer,Udaipur,Rajasthan,North,Gold,Beauty & Personal Care,Haircare,Shampoo Pack,1,383.56,0.15,59.56,Cash on Delivery
ORD10907,2024-06-05,CUST0133,Rahul Verma,Kochi,Kerala,South,Standard,Fashion,Apparel,Denim Jeans,1,1821.36,0.0,455.34,Credit Card
ORD10107,2024-06-06,CUST0024,Arjun Singh,Jaipur,Rajasthan,North,Silver,Home & Kitchen,Cookware,Non-stick Pan,2,2150.73,0.05,461.84,UPI
ORD10369,2024-06-06,CUST0094,Saanvi Gupta,Surat,Gujarat,West,Standard,Electronics,Accessories,USB-C Hub,1,2008.08,0.0,502.02,Debit Card
ORD10736,2024-06-06,CUST0170,Rahul Mehta,Lucknow,Uttar Pradesh,North,Standard,Home & Kitchen,Storage,Storage Organizer,1,677.31,0.0,216.74,Credit Card
ORD10897,2024-06-06,CUST0006,Rahul Gupta,Bengaluru,Karnataka,South,Standard,Books & Stationery,Books,Career Guide Book,3,1244.71,0.1,370.65,Cash on Delivery
ORD10897,2024-06-06,CUST0006,Rahul Gupta,Bengaluru,Karnataka,South,Standard,Beauty & Personal Care,Haircare,Shampoo Pack,1,291.77,0.25,7.78,Net Banking
ORD10202,2024-06-09,CUST0220,Vihaan Kulkarni,Udaipur,Rajasthan,North,Standard,Fashion,Accessories,Backpack,1,1832.82,0.0,513.19,Cash on Delivery
ORD10402,2024-06-09,CUST0104,Diya Desai,Mumbai,Maharashtra,West,Silver,Fashion,Apparel,Denim Jeans,1,2019.86,0.05,412.48,Cash on Delivery
ORD10148,2024-06-10,CUST0036,Saanvi Singh,Vadodara,Gujarat,West,Standard,Electronics,Audio,Wireless Earbuds,4,8862.22,0.1,1260.4,Credit Card
ORD10167,2024-06-10,CUST0045,Vivaan Mishra,New Delhi,Delhi,North,Standard,Electronics,Accessories,USB-C Hub,3,4166.25,0.15,401.92,Cash on Delivery
ORD10638,2024-06-11,CUST0095,Aadhya Mishra,Coimbatore,Tamil Nadu,South,Gold,Books & Stationery,Books,Career Guide Book,1,472.01,0.0,179.36,Cash on Delivery
ORD10900,2024-06-11,CUST0208,Pari Shah,Udaipur,Rajasthan,North,Standard,Home & Kitchen,Lighting,Desk Lamp,1,971.05,0.0,262.18,Cash on Delivery
ORD10900,2024-06-11,CUST0208,Pari Shah,Udaipur,Rajasthan,North,Standard,Home & Kitchen,Cookware,Non-stick Pan,1,1169.75,0.15,126.61,UPI
ORD10966,2024-06-11,CUST0211,Aadhya Bose,Thiruvananthapuram,Kerala,South,Standard,Electronics,Accessories,USB-C Hub,1,1465.25,0.15,141.35,Credit Card
ORD10009,2024-06-13,CUST0075,Rohan Mehta,New Delhi,Delhi,North,Silver,Books & Stationery,Books,Career Guide Book,1,478.28,0.1,142.42,Credit Card
ORD10593,2024-06-13,CUST0213,Saanvi Pillai,Jaipur,Rajasthan,North,Gold,Fashion,Accessories,Backpack,3,4362.14,0.15,574.78,UPI
ORD10593,2024-06-13,CUST0213,Saanvi Pillai,Jaipur,Rajasthan,North,Gold,Fashion,Footwear,Everyday Sneakers,3,6767.0,0.15,413.98,Net Banking
ORD10008,2024-06-14,CUST0109,Aadhya Nair,Thiruvananthapuram,Kerala,South,Standard,Home & Kitchen,Cookware,Non-stick Pan,3,3732.53,0.0,970.46,Debit Card
ORD10008,2024-06-14,CUST0109,Aadhya Nair,Thiruvananthapuram,Kerala,South,Standard,Books & Stationery,Stationery,Notebook Set,3,819.12,0.15,223.57,UPI
ORD10841,2024-06-15,CUST0007,Meera Kulkarni,New Delhi,Delhi,North,Silver,Beauty & Personal Care,Skincare,Face Moisturizer,2,1005.89,0.0,342.0,Net Banking
ORD10841,2024-06-15,CUST0007,Meera Kulkarni,New Delhi,Delhi,North,Silver,Home & Kitchen,Bedding,Cotton Bedsheet,1,1406.31,0.1,278.14,Cash on Delivery
ORD10357,2024-06-16,CUST0104,Diya Desai,Mumbai,Maharashtra,West,Silver,Beauty & Personal Care,Skincare,Face Moisturizer,3,1483.37,0.0,504.34,Credit Card
ORD10411,2024-06-16,CUST0122,Myra Chopra,Thiruvananthapuram,Kerala,South,Standard,Electronics,Accessories,Laptop Stand,1,1157.21,0.25,30.86,Net Banking
ORD10609,2024-06-16,CUST0121,Ishaan Desai,Mumbai,Maharashtra,West,Standard,Beauty & Personal Care,Haircare,Shampoo Pack,1,335.59,0.2,31.88,Net Banking
ORD10075,2024-06-17,CUST0137,Ishaan Patel,Thiruvananthapuram,Kerala,South,Standard,Books & Stationery,Books,Career Guide Book,1,429.24,0.15,107.06,Net Banking
ORD10647,2024-06-17,CUST0083,Aarav Patel,Chennai,Tamil Nadu,South,Standard,Beauty & Personal Care,Skincare,Face Moisturizer,2,966.74,0.15,195.62,Cash on Delivery
ORD10732,2024-06-17,CUST0108,Ishaan Mehta,Ahmedabad,Gujarat,West,Standard,Books & Stationery,Books,Career Guide Book,1,496.0,0.0,188.48,Net Banking
ORD10761,2024-06-18,CUST0217,Rohan Mehta,Thiruvananthapuram,Kerala,South,Standard,Fashion,Footwear,Everyday Sneakers,2,4354.42,0.1,522.53,Net Banking
ORD10761,2024-06-18,CUST0217,Rohan Mehta,Thiruvananthapuram,Kerala,South,Standard,Fashion,Apparel,Casual Shirt,2,2247.75,0.15,375.51,UPI
ORD10629,2024-06-19,CUST0007,Meera Kulkarni,New Delhi,Delhi,North,Silver,Sports & Outdoors,Fitness,Yoga Mat,4,3715.32,0.1,899.93,Cash on Delivery
ORD10629,2024-06-19,CUST0007,Meera Kulkarni,New Delhi,Delhi,North,Silver,Home & Kitchen,Bedding,Cotton Bedsheet,1,1555.37,0.1,307.62,UPI
ORD11013,2024-06-19,CUST0007,Meera Kulkarni,New Delhi,Delhi,North,Silver,Home & Kitchen,Cookware,Non-stick Pan,1,1094.79,0.1,180.03,Net Banking
ORD11013,2024-06-19,CUST0007,Meera Kulkarni,New Delhi,Delhi,North,Silver,Fashion,Apparel,Denim Jeans,1,1514.78,0.15,146.13,Debit Card
ORD11013,2024-06-19,CUST0007,Meera Kulkarni,New Delhi,Delhi,North,Silver,Electronics,Accessories,USB-C Hub,1,1470.01,0.15,141.81,Cash on Delivery
ORD11064,2024-06-19,CUST0209,Rohan Mehta,Noida,Uttar Pradesh,North,Standard,Fashion,Footwear,Everyday Sneakers,2,3895.74,0.2,-19.48,Net Banking
ORD11064,2024-06-19,CUST0209,Rohan Mehta,Noida,Uttar Pradesh,North,Standard,Fashion,Footwear,Everyday Sneakers,2,4253.04,0.1,510.36,Debit Card
ORD10787,2024-06-21,CUST0171,Ananya Patel,Mumbai,Maharashtra,West,Standard,Electronics,Accessories,USB-C Hub,1,1793.04,0.1,274.93,UPI
ORD10787,2024-06-21,CUST0171,Ananya Patel,Mumbai,Maharashtra,West,Standard,Books & Stationery,Books,Career Guide Book,2,961.4,0.1,286.28,Net Banking
ORD10111,2024-06-22,CUST0147,Diya Das,Surat,Gujarat,West,Standard,Home & Kitchen,Storage,Storage Organizer,1,616.48,0.05,171.32,UPI
ORD10205,2024-06-23,CUST0008,Tanvi Khan,Jaipur,Rajasthan,North,Standard,Electronics,Computing,Wireless Mouse,1,908.11,0.0,254.27,Net Banking
ORD10251,2024-06-23,CUST0167,Meera Khan,Warangal,Telangana,South,Silver,Sports & Outdoors,Fitness,Yoga Mat,4,3811.93,0.05,1099.44,Debit Card
ORD10311,2024-06-23,CUST0215,Arjun Rao,Warangal,Telangana,South,Standard,Beauty & Personal Care,Haircare,Shampoo Pack,2,768.91,0.15,119.41,Credit Card
ORD10351,2024-06-23,CUST0037,Vivaan Khan,Mumbai,Maharashtra,West,Silver,Fashion,Apparel,Denim Jeans,3,5384.01,0.05,1099.47,Cash on Delivery
ORD10923,2024-06-23,CUST0070,Rohan Chopra,Udaipur,Rajasthan,North,Standard,Sports & Outdoors,Fitness,Yoga Mat,1,826.26,0.05,238.31,Cash on Delivery
ORD10923,2024-06-23,CUST0070,Rohan Chopra,Udaipur,Rajasthan,North,Standard,Beauty & Personal Care,Haircare,Shampoo Pack,2,717.73,0.15,111.46,Credit Card
ORD10446,2024-06-24,CUST0148,Saanvi Rao,Mysuru,Karnataka,South,Standard,Fashion,Accessories,Backpack,2,3104.35,0.0,869.22,UPI
ORD10268,2024-06-26,CUST0173,Aditya Bose,Bengaluru,Karnataka,South,Gold,Home & Kitchen,Cookware,Non-stick Pan,1,1089.57,0.15,117.93,Debit Card
ORD10268,2024-06-26,CUST0173,Aditya Bose,Bengaluru,Karnataka,South,Gold,Books & Stationery,Books,Career Guide Book,3,1329.9,0.1,396.02,Credit Card
ORD10861,2024-06-26,CUST0153,Vihaan Shah,Siliguri,West Bengal,East,Gold,Electronics,Audio,Wireless Earbuds,1,2193.0,0.1,311.89,Net Banking
ORD10474,2024-06-28,CUST0098,Krishna Das,Kolkata,West Bengal,East,Standard,Home & Kitchen,Bedding,Cotton Bedsheet,1,1478.16,0.15,212.16,Debit Card
ORD10527,2024-06-28,CUST0075,Rohan Mehta,New Delhi,Delhi,North,Silver,Home & Kitchen,Cookware,Non-stick Pan,1,1398.13,0.0,363.51,Cash on Delivery
ORD10527,2024-06-28,CUST0075,Rohan Mehta,New Delhi,Delhi,North,Silver,Home & Kitchen,Cookware,Non-stick Pan,1,1103.47,0.05,236.96,UPI
ORD10065,2024-06-29,CUST0109,Aadhya Nair,Thiruvananthapuram,Kerala,South,Standard,Electronics,Accessories,Laptop Stand,4,5314.11,0.05,1364.89,Debit Card
ORD10065,2024-06-29,CUST0109,Aadhya Nair,Thiruvananthapuram,Kerala,South,Standard,Electronics,Accessories,Laptop Stand,1,1141.25,0.1,238.39,Debit Card
ORD10751,2024-06-29,CUST0063,Reyansh Desai,Nagpur,Maharashtra,West,Silver,Fashion,Apparel,Casual Shirt,1,1115.15,0.1,245.33,Debit Card
ORD10314,2024-06-30,CUST0153,Vihaan Shah,Siliguri,West Bengal,East,Gold,Electronics,Accessories,Laptop Stand,3,4008.96,0.1,837.43,UPI
ORD11069,2024-06-30,CUST0176,Aditya Pillai,Hyderabad,Telangana,South,Gold,Home & Kitchen,Cookware,Non-stick Pan,1,908.66,0.2,40.89,Net Banking
ORD11069,2024-06-30,CUST0176,Aditya Pillai,Hyderabad,Telangana,South,Gold,Electronics,Accessories,Laptop Stand,1,1060.19,0.2,100.72,Credit Card
ORD10380,2024-07-02,CUST0147,Diya Das,Surat,Gujarat,West,Standard,Books & Stationery,Stationery,Notebook Set,1,330.65,0.0,132.26,Debit Card
ORD10187,2024-07-03,CUST0103,Rahul Das,Noida,Uttar Pradesh,North,Standard,Home & Kitchen,Bedding,Cotton Bedsheet,1,1288.5,0.15,184.94,Net Banking
ORD10430,2024-07-03,CUST0128,Neha Iyer,Nagpur,Maharashtra,West,Silver,Home & Kitchen,Bedding,Cotton Bedsheet,2,2112.91,0.25,28.17,UPI
ORD10430,2024-07-03,CUST0128,Neha Iyer,Nagpur,Maharashtra,West,Silver,Sports & Outdoors,Fitness,Yoga Mat,2,2058.72,0.0,679.38,Cash on Delivery
ORD10879,2024-07-03,CUST0031,Ayaan Sharma,Ahmedabad,Gujarat,West,Standard,Beauty & Personal Care,Skincare,Face Moisturizer,2,1054.78,0.0,358.63,Debit Card
ORD10879,2024-07-03,CUST0031,Ayaan Sharma,Ahmedabad,Gujarat,West,Standard,Fashion,Accessories,Backpack,4,6605.86,0.1,1233.09,Net Banking
ORD10903,2024-07-03,CUST0074,Diya Das,Jaipur,Rajasthan,North,Standard,Sports & Outdoors,Outdoor,Insulated Bottle,3,1562.25,0.2,246.06,UPI
ORD10420,2024-07-04,CUST0076,Ananya Khan,Warangal,Telangana,South,Silver,Home & Kitchen,Cookware,Non-stick Pan,4,5318.47,0.0,1382.8,UPI
ORD10840,2024-07-04,CUST0027,Priya Rao,Ahmedabad,Gujarat,West,Silver,Home & Kitchen,Storage,Storage Organizer,1,617.22,0.1,142.65,Debit Card
ORD10624,2024-07-05,CUST0047,Rohan Desai,Kochi,Kerala,South,Standard,Electronics,Accessories,Laptop Stand,1,1065.61,0.2,101.23,Cash on Delivery
ORD10624,2024-07-05,CUST0047,Rohan Desai,Kochi,Kerala,South,Standard,Sports & Outdoors,Fitness,Yoga Mat,2,1836.34,0.1,444.8,Debit Card
ORD10232,2024-07-06,CUST0190,Ishita Singh,Thiruvananthapuram,Kerala,South,Standard,Fashion,Accessories,Backpack,2,3267.6,0.0,914.93,Debit Card
ORD10232,2024-07-06,CUST0190,Ishita Singh,Thiruvananthapuram,Kerala,South,Standard,Beauty & Personal Care,Haircare,Shampoo Pack,2,752.14,0.05,193.18,Debit Card
ORD10252,2024-07-06,CUST0204,Aarav Singh,Pune,Maharashtra,West,Silver,Beauty & Personal Care,Skincare,Face Moisturizer,4,2032.67,0.05,607.66,Net Banking
ORD11000,2024-07-07,CUST0166,Dev Iyer,Mysuru,Karnataka,South,Standard,Sports & Outdoors,Fitness,Yoga Mat,2,1999.12,0.0,659.71,UPI
ORD10373,2024-07-08,CUST0099,Sai Pillai,Varanasi,Uttar Pradesh,North,Gold,Fashion,Apparel,Denim Jeans,2,4001.56,0.0,1000.39,Cash on Delivery
ORD10373,2024-07-08,CUST0099,Sai Pillai,Varanasi,Uttar Pradesh,North,Gold,Beauty & Personal Care,Skincare,Face Moisturizer,1,497.32,0.15,100.63,Credit Card
ORD10483,2024-07-08,CUST0199,Rohan Nair,Kolkata,West Bengal,East,Silver,Home & Kitchen,Storage,Storage Organizer,1,646.24,0.1,149.35,Net Banking
ORD10483,2024-07-08,CUST0199,Rohan Nair,Kolkata,West Bengal,East,Silver,Fashion,Footwear,Everyday Sneakers,2,4244.09,0.15,259.64,Debit Card
ORD10022,2024-07-10,CUST0090,Krishna Desai,Siliguri,West Bengal,East,Silver,Sports & Outdoors,Outdoor,Insulated Bottle,1,561.69,0.15,120.27,UPI
ORD10371,2024-07-10,CUST0050,Aadhya Iyer,Coimbatore,Tamil Nadu,South,Silver,Fashion,Accessories,Backpack,2,3589.42,0.05,846.35,Cash on Delivery
ORD10625,2024-07-10,CUST0243,Kavya Kulkarni,Siliguri,West Bengal,East,Standard,Electronics,Computing,Wireless Mouse,2,1666.46,0.1,311.07,UPI
ORD10090,2024-07-11,CUST0217,Rohan Mehta,Thiruvananthapuram,Kerala,South,Standard,Books & Stationery,Stationery,Notebook Set,1,351.26,0.0,140.5,Debit Card
ORD10090,2024-07-11,CUST0217,Rohan Mehta,Thiruvananthapuram,Kerala,South,Standard,Electronics,Audio,Wireless Earbuds,1,2327.5,0.0,558.6,Net Banking
ORD10628,2024-07-11,CUST0174,Tanvi Mishra,Coimbatore,Tamil Nadu,South,Standard,Home & Kitchen,Lighting,Desk Lamp,1,1031.83,0.0,278.59,Cash on Delivery
ORD10628,2024-07-11,CUST0174,Tanvi Mishra,Coimbatore,Tamil Nadu,South,Standard,Home & Kitchen,Lighting,Desk Lamp,1,856.05,0.15,102.73,Net Banking
ORD11077,2024-07-11,CUST0108,Ishaan Mehta,Ahmedabad,Gujarat,West,Standard,Home & Kitchen,Lighting,Desk Lamp,1,1094.55,0.05,246.56,Debit Card
ORD10824,2024-07-12,CUST0155,Ishita Mehta,Ahmedabad,Gujarat,West,Standard,Home & Kitchen,Cookware,Non-stick Pan,1,1111.51,0.0,288.99,Credit Card
ORD10824,2024-07-12,CUST0155,Ishita Mehta,Ahmedabad,Gujarat,West,Standard,Home & Kitchen,Cookware,Non-stick Pan,1,1014.55,0.1,166.84,UPI
ORD10824,2024-07-12,CUST0155,Ishita Mehta,Ahmedabad,Gujarat,West,Standard,Beauty & Personal Care,Skincare,Face Moisturizer,1,539.22,0.05,161.2,Credit Card
ORD10503,2024-07-15,CUST0143,Priya Gupta,Nashik,Maharashtra,West,Standard,Books & Stationery,Books,Career Guide Book,4,1878.43,0.1,559.36,Cash on Delivery
ORD10739,2024-07-15,CUST0089,Ishita Chopra,Siliguri,West Bengal,East,Standard,Electronics,Computing,Wireless Mouse,1,728.46,0.2,50.99,Credit Card
ORD10971,2024-07-15,CUST0202,Rahul Iyer,Coimbatore,Tamil Nadu,South,Silver,Electronics,Audio,Wireless Earbuds,2,3473.9,0.15,294.26,Credit Card
ORD10211,2024-07-16,CUST0244,Pari Pillai,Surat,Gujarat,West,Standard,Beauty & Personal Care,Haircare,Shampoo Pack,1,331.46,0.15,51.47,Credit Card
ORD10492,2024-07-16,CUST0040,Vivaan Chopra,Jaipur,Rajasthan,North,Silver,Home & Kitchen,Bedding,Cotton Bedsheet,1,1615.57,0.0,468.52,Debit Card
ORD10007,2024-07-17,CUST0225,Nisha Patel,New Delhi,Delhi,North,Standard,Sports & Outdoors,Fitness,Yoga Mat,1,876.91,0.05,252.92,Cash on Delivery
ORD10433,2024-07-17,CUST0207,Pari Verma,Jaipur,Rajasthan,North,Standard,Fashion,Accessories,Backpack,3,4696.08,0.1,876.6,UPI
ORD10136,2024-07-18,CUST0125,Reyansh Rao,Bengaluru,Karnataka,South,Standard,Books & Stationery,Stationery,Notebook Set,1,300.77,0.1,96.25,Net Banking
ORD10136,2024-07-18,CUST0125,Reyansh Rao,Bengaluru,Karnataka,South,Standard,Sports & Outdoors,Fitness,Yoga Mat,1,843.04,0.0,278.2,Credit Card
ORD10328,2024-07-18,CUST0059,Kabir Kulkarni,New Delhi,Delhi,North,Standard,Beauty & Personal Care,Skincare,Face Moisturizer,2,1021.71,0.05,305.44,UPI
ORD10784,2024-07-18,CUST0074,Diya Das,Jaipur,Rajasthan,North,Standard,Books & Stationery,Stationery,Notebook Set,1,339.37,0.0,135.75,Cash on Delivery
ORD10113,2024-07-19,CUST0152,Reyansh Kulkarni,Kolkata,West Bengal,East,Standard,Home & Kitchen,Cookware,Non-stick Pan,1,959.73,0.2,43.19,Cash on Delivery
ORD10981,2024-07-19,CUST0008,Tanvi Khan,Jaipur,Rajasthan,North,Standard,Beauty & Personal Care,Skincare,Face Moisturizer,2,946.78,0.15,191.58,UPI
ORD10298,2024-07-20,CUST0220,Vihaan Kulkarni,Udaipur,Rajasthan,North,Standard,Electronics,Computing,Wireless Mouse,2,1474.11,0.2,103.19,UPI
ORD10182,2024-07-21,CUST0249,Diya Singh,Kolkata,West Bengal,East,Gold,Sports & Outdoors,Fitness,Yoga Mat,2,2058.36,0.0,679.26,Debit Card
ORD10182,2024-07-21,CUST0249,Diya Singh,Kolkata,West Bengal,East,Gold,Electronics,Accessories,USB-C Hub,1,1490.91,0.1,228.61,Cash on Delivery
ORD10507,2024-07-22,CUST0086,Ayaan Reddy,Surat,Gujarat,West,Silver,Fashion,Accessories,Backpack,1,1635.67,0.0,457.99,Credit Card
ORD10507,2024-07-22,CUST0086,Ayaan Reddy,Surat,Gujarat,West,Silver,Beauty & Personal Care,Haircare,Shampoo Pack,3,1116.75,0.05,286.83,Net Banking
ORD10185,2024-07-23,CUST0039,Pari Desai,Mysuru,Karnataka,South,Gold,Books & Stationery,Books,Career Guide Book,1,363.77,0.25,48.5,UPI
ORD10553,2024-07-23,CUST0054,Meera Verma,Udaipur,Rajasthan,North,Standard,Fashion,Apparel,Denim Jeans,1,2012.27,0.0,503.07,Debit Card
ORD10698,2024-07-24,CUST0092,Krishna Gupta,Hyderabad,Telangana,South,Standard,Home & Kitchen,Lighting,Desk Lamp,2,2174.2,0.05,489.77,Net Banking
ORD10019,2024-07-25,CUST0011,Sai Singh,Siliguri,West Bengal,East,Standard,Home & Kitchen,Lighting,Desk Lamp,3,2992.1,0.05,674.01,Net Banking
ORD10611,2024-07-27,CUST0093,Ayaan Khan,Bengaluru,Karnataka,South,Silver,Home & Kitchen,Storage,Storage Organizer,3,1785.82,0.15,319.35,Cash on Delivery
ORD10611,2024-07-27,CUST0093,Ayaan Khan,Bengaluru,Karnataka,South,Silver,Home & Kitchen,Lighting,Desk Lamp,2,1660.3,0.25,-22.14,Cash on Delivery
ORD10750,2024-07-28,CUST0207,Pari Verma,Jaipur,Rajasthan,North,Standard,Electronics,Computing,Wireless Mouse,1,703.34,0.1,131.29,Credit Card
ORD10910,2024-07-29,CUST0081,Aditya Joshi,Mangaluru,Karnataka,South,Standard,Sports & Outdoors,Outdoor,Insulated Bottle,1,644.57,0.1,170.45,Debit Card
ORD10910,2024-07-29,CUST0081,Aditya Joshi,Mangaluru,Karnataka,South,Standard,Fashion,Accessories,Backpack,2,3096.56,0.1,578.02,Cash on Delivery
ORD10910,2024-07-29,CUST0081,Aditya Joshi,Mangaluru,Karnataka,South,Standard,Fashion,Apparel,Denim Jeans,1,1531.17,0.1,234.78,Credit Card
ORD10142,2024-07-30,CUST0040,Vivaan Chopra,Jaipur,Rajasthan,North,Silver,Electronics,Accessories,Laptop Stand,2,2578.58,0.1,538.64,Credit Card
ORD10142,2024-07-30,CUST0040,Vivaan Chopra,Jaipur,Rajasthan,North,Silver,Fashion,Accessories,Backpack,4,6766.09,0.05,1595.37,Cash on Delivery
ORD10445,2024-07-30,CUST0132,Ayaan Mehta,Hyderabad,Telangana,South,Standard,Books & Stationery,Stationery,Notebook Set,1,335.69,0.0,134.28,Debit Card
ORD10725,2024-07-30,CUST0240,Meera Iyer,Chennai,Tamil Nadu,South,Silver,Home & Kitchen,Lighting,Desk Lamp,1,971.98,0.15,116.64,Credit Card
ORD10177,2024-07-31,CUST0095,Aadhya Mishra,Coimbatore,Tamil Nadu,South,Gold,Sports & Outdoors,Fitness,Yoga Mat,1,871.94,0.0,287.74,Debit Card
ORD10248,2024-07-31,CUST0128,Neha Iyer,Nagpur,Maharashtra,West,Silver,Sports & Outdoors,Outdoor,Insulated Bottle,1,728.83,0.0,255.09,UPI
ORD10423,2024-07-31,CUST0205,Sai Kulkarni,New Delhi,Delhi,North,Standard,Home & Kitchen,Cookware,Non-stick Pan,1,1086.43,0.05,233.3,UPI
ORD10516,2024-07-31,CUST0138,Rohan Desai,Kolkata,West Bengal,East,Gold,Electronics,Computing,Wireless Mouse,2,1782.54,0.05,420.3,Cash on Delivery
ORD10516,2024-07-31,CUST0138,Rohan Desai,Kolkata,West Bengal,East,Gold,Fashion,Apparel,Denim Jeans,3,5516.13,0.0,1379.03,Cash on Delivery
ORD10377,2024-08-01,CUST0232,Aditya Khan,Udaipur,Rajasthan,North,Silver,Electronics,Computing,Wireless Mouse,1,739.47,0.1,138.03,Net Banking
ORD10616,2024-08-01,CUST0026,Ayaan Patel,New Delhi,Delhi,North,Standard,Beauty & Personal Care,Skincare,Face Moisturizer,1,484.79,0.15,98.1,UPI
ORD10117,2024-08-02,CUST0235,Kavya Bose,New Delhi,Delhi,North,Standard,Fashion,Apparel,Casual Shirt,3,3900.49,0.0,1209.15,Net Banking
ORD10550,2024-08-02,CUST0080,Rohan Nair,Siliguri,West Bengal,East,Standard,Electronics,Computing,Wireless Mouse,1,655.17,0.15,86.33,UPI
ORD10716,2024-08-02,CUST0060,Aarav Mehta,Varanasi,Uttar Pradesh,North,Standard,Books & Stationery,Books,Career Guide Book,2,857.52,0.1,255.35,Net Banking
ORD10704,2024-08-03,CUST0090,Krishna Desai,Siliguri,West Bengal,East,Silver,Home & Kitchen,Bedding,Cotton Bedsheet,1,1400.11,0.05,344.87,Cash on Delivery
ORD11019,2024-08-03,CUST0014,Ishita Patel,Pune,Maharashtra,West,Silver,Fashion,Footwear,Everyday Sneakers,2,3904.73,0.1,468.57,Debit Card
ORD10659,2024-08-05,CUST0033,Nisha Patel,Chennai,Tamil Nadu,South,Silver,Electronics,Accessories,Laptop Stand,2,2169.75,0.2,206.13,UPI
ORD10675,2024-08-05,CUST0209,Rohan Mehta,Noida,Uttar Pradesh,North,Standard,Books & Stationery,Books,Career Guide Book,1,483.93,0.0,183.89,UPI
ORD10154,2024-08-06,CUST0093,Ayaan Khan,Bengaluru,Karnataka,South,Silver,Home & Kitchen,Cookware,Non-stick Pan,3,3328.33,0.1,547.33,Credit Card
ORD10280,2024-08-06,CUST0058,Kabir Das,Mumbai,Maharashtra,West,Silver,Fashion,Accessories,Backpack,1,1856.12,0.0,519.71,Cash on Delivery
ORD10700,2024-08-06,CUST0120,Neha Rao,Kolkata,West Bengal,East,Silver,Fashion,Accessories,Backpack,2,3245.45,0.05,765.24,UPI
ORD10060,2024-08-07,CUST0186,Priya Gupta,Siliguri,West Bengal,East,Silver,Books & Stationery,Stationery,Notebook Set,1,272.21,0.1,87.11,UPI
ORD11029,2024-08-07,CUST0238,Ira Mehta,Bengaluru,Karnataka,South,Standard,Electronics,Computing,Wireless Mouse,1,803.55,0.1,150.0,UPI
ORD10781,2024-08-08,CUST0124,Reyansh Gupta,Vadodara,Gujarat,West,Standard,Beauty & Personal Care,Skincare,Face Moisturizer,1,428.53,0.15,86.71,Credit Card
ORD10361,2024-08-10,CUST0006,Rahul Gupta,Bengaluru,Karnataka,South,Standard,Fashion,Apparel,Casual Shirt,2,2093.33,0.1,460.53,UPI
ORD11075,2024-08-10,CUST0197,Dev Singh,Kolkata,West Bengal,East,Standard,Sports & Outdoors,Fitness,Yoga Mat,1,758.42,0.15,144.55,Credit Card
ORD10123,2024-08-14,CUST0172,Ira Das,Bengaluru,Karnataka,South,Standard,Beauty & Personal Care,Skincare,Face Moisturizer,1,488.87,0.15,98.92,Credit Card
ORD10230,2024-08-15,CUST0181,Kabir Nair,New Delhi,Delhi,North,Silver,Sports & Outdoors,Outdoor,Insulated Bottle,3,1788.13,0.15,382.87,Credit Card
ORD10263,2024-08-15,CUST0189,Pari Singh,Jaipur,Rajasthan,North,Silver,Fashion,Apparel,Denim Jeans,3,4061.58,0.25,-162.46,Cash on Delivery
ORD10195,2024-08-16,CUST0196,Krishna Patel,Siliguri,West Bengal,East,Silver,Home & Kitchen,Storage,Storage Organizer,1,525.25,0.15,93.93,Credit Card
ORD10404,2024-08-18,CUST0237,Aadhya Joshi,Jaipur,Rajasthan,North,Silver,Beauty & Personal Care,Skincare,Face Moisturizer,2,1068.9,0.0,363.43,Cash on Delivery
ORD10519,2024-08-18,CUST0187,Rahul Desai,Ahmedabad,Gujarat,West,Silver,Fashion,Footwear,Everyday Sneakers,1,1929.03,0.1,231.48,Debit Card
ORD10782,2024-08-18,CUST0211,Aadhya Bose,Thiruvananthapuram,Kerala,South,Standard,Electronics,Accessories,Laptop Stand,3,3875.69,0.15,601.87,Net Banking
ORD10934,2024-08-19,CUST0029,Reyansh Chopra,Udaipur,Rajasthan,North,Silver,Beauty & Personal Care,Skincare,Face Moisturizer,1,580.88,0.0,197.5,Debit Card
ORD10934,2024-08-19,CUST0029,Reyansh Chopra,Udaipur,Rajasthan,North,Silver,Sports & Outdoors,Outdoor,Insulated Bottle,1,573.24,0.15,122.74,Debit Card
ORD11009,2024-08-23,CUST0196,Krishna Patel,Siliguri,West Bengal,East,Silver,Home & Kitchen,Cookware,Non-stick Pan,3,4118.34,0.0,1070.77,Cash on Delivery
ORD10899,2024-08-24,CUST0044,Reyansh Patel,Coimbatore,Tamil Nadu,South,Standard,Home & Kitchen,Cookware,Non-stick Pan,1,1201.76,0.1,197.62,Debit Card
ORD10524,2024-08-25,CUST0216,Vihaan Singh,Surat,Gujarat,West,Silver,Books & Stationery,Books,Career Guide Book,2,831.4,0.1,247.57,Debit Card
ORD10524,2024-08-25,CUST0216,Vihaan Singh,Surat,Gujarat,West,Silver,Sports & Outdoors,Outdoor,Insulated Bottle,2,1287.65,0.15,275.71,Net Banking
ORD10870,2024-08-25,CUST0239,Priya Iyer,New Delhi,Delhi,North,Standard,Home & Kitchen,Cookware,Non-stick Pan,2,2778.2,0.0,722.33,Cash on Delivery
ORD10870,2024-08-25,CUST0239,Priya Iyer,New Delhi,Delhi,North,Standard,Books & Stationery,Books,Career Guide Book,3,1461.69,0.05,498.51,Debit Card
ORD11031,2024-08-25,CUST0217,Rohan Mehta,Thiruvananthapuram,Kerala,South,Standard,Sports & Outdoors,Outdoor,Insulated Bottle,1,644.79,0.1,170.51,Cash on Delivery
ORD11031,2024-08-25,CUST0217,Rohan Mehta,Thiruvananthapuram,Kerala,South,Standard,Sports & Outdoors,Outdoor,Insulated Bottle,1,777.77,0.0,272.22,Debit Card
ORD10084,2024-08-27,CUST0248,Ira Reddy,New Delhi,Delhi,North,Standard,Fashion,Accessories,Backpack,2,3202.33,0.15,421.95,Credit Card
ORD10084,2024-08-27,CUST0248,Ira Reddy,New Delhi,Delhi,North,Standard,Fashion,Apparel,Casual Shirt,3,2713.77,0.25,108.55,Net Banking
ORD10209,2024-08-29,CUST0147,Diya Das,Surat,Gujarat,West,Standard,Electronics,Computing,Wireless Mouse,1,604.07,0.2,42.28,Cash on Delivery
ORD10141,2024-08-30,CUST0194,Pari Singh,Mysuru,Karnataka,South,Silver,Fashion,Apparel,Denim Jeans,3,5041.56,0.1,773.04,Cash on Delivery
ORD10967,2024-08-30,CUST0247,Vivaan Pillai,Kolkata,West Bengal,East,Standard,Home & Kitchen,Storage,Storage Organizer,2,1375.29,0.05,382.19,UPI
ORD10518,2024-09-01,CUST0247,Vivaan Pillai,Kolkata,West Bengal,East,Standard,Sports & Outdoors,Outdoor,Insulated Bottle,2,1296.0,0.15,277.5,Credit Card
ORD10513,2024-09-03,CUST0118,Diya Kulkarni,Kolkata,West Bengal,East,Standard,Electronics,Audio,Wireless Earbuds,2,3691.99,0.1,525.08,Debit Card
ORD10734,2024-09-05,CUST0139,Saanvi Mehta,Kochi,Kerala,South,Standard,Sports & Outdoors,Fitness,Yoga Mat,1,873.69,0.15,166.52,Credit Card
ORD10127,2024-09-06,CUST0232,Aditya Khan,Udaipur,Rajasthan,North,Silver,Books & Stationery,Stationery,Notebook Set,1,319.69,0.1,102.3,Credit Card
ORD10499,2024-09-06,CUST0045,Vivaan Mishra,New Delhi,Delhi,North,Standard,Electronics,Accessories,Laptop Stand,1,1227.75,0.15,190.66,Net Banking
ORD10499,2024-09-06,CUST0045,Vivaan Mishra,New Delhi,Delhi,North,Standard,Home & Kitchen,Storage,Storage Organizer,1,515.69,0.1,119.18,Credit Card
ORD10706,2024-09-07,CUST0245,Kabir Sharma,Hyderabad,Telangana,South,Standard,Home & Kitchen,Lighting,Desk Lamp,3,2870.58,0.05,646.64,Credit Card
ORD10706,2024-09-07,CUST0245,Kabir Sharma,Hyderabad,Telangana,South,Standard,Electronics,Accessories,Laptop Stand,2,2421.53,0.05,621.95,Cash on Delivery
ORD10812,2024-09-07,CUST0186,Priya Gupta,Siliguri,West Bengal,East,Silver,Books & Stationery,Books,Career Guide Book,2,948.17,0.0,360.3,Credit Card
ORD10812,2024-09-07,CUST0186,Priya Gupta,Siliguri,West Bengal,East,Silver,Books & Stationery,Books,Career Guide Book,3,1394.05,0.0,529.74,Credit Card
ORD10812,2024-09-07,CUST0186,Priya Gupta,Siliguri,West Bengal,East,Silver,Books & Stationery,Books,Career Guide Book,1,479.48,0.0,182.2,Credit Card
ORD11087,2024-09-07,CUST0027,Priya Rao,Ahmedabad,Gujarat,West,Silver,Books & Stationery,Stationery,Notebook Set,3,907.04,0.05,328.44,Debit Card
ORD10156,2024-09-10,CUST0197,Dev Singh,Kolkata,West Bengal,East,Standard,Electronics,Computing,Wireless Mouse,1,805.61,0.1,150.38,Debit Card
ORD10957,2024-09-10,CUST0133,Rahul Verma,Kochi,Kerala,South,Standard,Sports & Outdoors,Outdoor,Insulated Bottle,1,613.48,0.1,162.23,UPI
ORD10738,2024-09-12,CUST0192,Kabir Das,Siliguri,West Bengal,East,Standard,Home & Kitchen,Bedding,Cotton Bedsheet,1,1418.73,0.0,411.43,UPI
ORD10995,2024-09-12,CUST0026,Ayaan Patel,New Delhi,Delhi,North,Standard,Fashion,Apparel,Casual Shirt,1,1171.61,0.05,313.25,Debit Card
ORD10995,2024-09-12,CUST0026,Ayaan Patel,New Delhi,Delhi,North,Standard,Fashion,Footwear,Everyday Sneakers,2,4383.81,0.15,268.19,Cash on Delivery
ORD10487,2024-09-13,CUST0021,Rohan Mehta,Jaipur,Rajasthan,North,Silver,Electronics,Audio,Wireless Earbuds,3,6822.29,0.0,1637.35,UPI
ORD10487,2024-09-13,CUST0021,Rohan Mehta,Jaipur,Rajasthan,North,Silver,Beauty & Personal Care,Skincare,Face Moisturizer,1,512.9,0.15,103.79,Cash on Delivery
ORD10909,2024-09-13,CUST0230,Rahul Kulkarni,Chennai,Tamil Nadu,South,Standard,Fashion,Footwear,Everyday Sneakers,4,10275.43,0.0,2260.59,Cash on Delivery
ORD10968,2024-09-13,CUST0019,Kabir Reddy,Ahmedabad,Gujarat,West,Silver,Electronics,Computing,Wireless Mouse,1,832.94,0.05,196.4,UPI
ORD10100,2024-09-15,CUST0158,Dev Sharma,Kochi,Kerala,South,Standard,Fashion,Footwear,Everyday Sneakers,2,5329.11,0.0,1172.4,Net Banking
ORD10100,2024-09-15,CUST0158,Dev Sharma,Kochi,Kerala,South,Standard,Home & Kitchen,Bedding,Cotton Bedsheet,4,6682.69,0.0,1937.98,UPI
ORD10017,2024-09-16,CUST0246,Pari Mishra,Kolkata,West Bengal,East,Silver,Fashion,Apparel,Denim Jeans,2,3811.82,0.05,778.41,UPI
ORD10017,2024-09-16,CUST0246,Pari Mishra,Kolkata,West Bengal,East,Silver,Fashion,Accessories,Backpack,1,1598.08,0.05,376.81,Credit Card
ORD10552,2024-09-16,CUST0034,Rohan Rao,Coimbatore,Tamil Nadu,South,Standard,Fashion,Apparel,Casual Shirt,2,2178.25,0.15,363.9,Cash on Delivery
ORD10432,2024-09-17,CUST0173,Aditya Bose,Bengaluru,Karnataka,South,Gold,Fashion,Apparel,Casual Shirt,1,1149.21,0.1,252.83,UPI
ORD10432,2024-09-17,CUST0173,Aditya Bose,Bengaluru,Karnataka,South,Gold,Fashion,Accessories,Backpack,1,1528.91,0.15,201.46,UPI
ORD10584,2024-09-19,CUST0163,Neha Khan,New Delhi,Delhi,North,Standard,Home & Kitchen,Bedding,Cotton Bedsheet,1,1481.7,0.0,429.69,Credit Card
ORD10796,2024-09-19,CUST0026,Ayaan Patel,New Delhi,Delhi,North,Standard,Electronics,Accessories,Laptop Stand,1,1332.32,0.0,399.7,Cash on Delivery
ORD10796,2024-09-19,CUST0026,Ayaan Patel,New Delhi,Delhi,North,Standard,Home & Kitchen,Storage,Storage Organizer,1,457.61,0.2,54.91,Debit Card
ORD10473,2024-09-20,CUST0074,Diya Das,Jaipur,Rajasthan,North,Standard,Electronics,Accessories,USB-C Hub,2,3045.17,0.2,98.97,Net Banking
ORD10938,2024-09-20,CUST0248,Ira Reddy,New Delhi,Delhi,North,Standard,Fashion,Footwear,Everyday Sneakers,1,2315.11,0.0,509.32,Debit Card
ORD10212,2024-09-21,CUST0208,Pari Shah,Udaipur,Rajasthan,North,Standard,Electronics,Computing,Wireless Mouse,1,774.56,0.1,144.58,Debit Card
ORD10222,2024-09-21,CUST0045,Vivaan Mishra,New Delhi,Delhi,North,Standard,Electronics,Computing,Wireless Mouse,1,742.17,0.05,175.0,Cash on Delivery
ORD10222,2024-09-21,CUST0045,Vivaan Mishra,New Delhi,Delhi,North,Standard,Home & Kitchen,Lighting,Desk Lamp,3,3096.66,0.1,543.64,Debit Card
ORD10862,2024-09-21,CUST0141,Pari Mehta,Thiruvananthapuram,Kerala,South,Standard,Books & Stationery,Books,Career Guide Book,1,529.7,0.0,201.29,Debit Card
ORD10862,2024-09-21,CUST0141,Pari Mehta,Thiruvananthapuram,Kerala,South,Standard,Electronics,Computing,Wireless Mouse,2,1160.29,0.25,0.0,Credit Card
ORD11095,2024-09-21,CUST0080,Rohan Nair,Siliguri,West Bengal,East,Standard,Electronics,Accessories,USB-C Hub,2,3023.48,0.15,291.68,Debit Card
ORD11095,2024-09-21,CUST0080,Rohan Nair,Siliguri,West Bengal,East,Standard,Sports & Outdoors,Outdoor,Insulated Bottle,2,1246.81,0.2,196.37,UPI
ORD10338,2024-09-22,CUST0097,Kiara Chopra,Noida,Uttar Pradesh,North,Silver,Fashion,Footwear,Everyday Sneakers,1,2218.62,0.1,266.23,Debit Card
ORD11001,2024-09-22,CUST0238,Ira Mehta,Bengaluru,Karnataka,South,Standard,Electronics,Audio,Wireless Earbuds,2,3396.1,0.2,67.92,UPI
ORD11001,2024-09-22,CUST0238,Ira Mehta,Bengaluru,Karnataka,South,Standard,Home & Kitchen,Bedding,Cotton Bedsheet,1,1578.42,0.0,457.74,Cash on Delivery
ORD11001,2024-09-22,CUST0238,Ira Mehta,Bengaluru,Karnataka,South,Standard,Electronics,Computing,Wireless Mouse,1,782.57,0.05,184.52,Net Banking
ORD10201,2024-09-24,CUST0007,Meera Kulkarni,New Delhi,Delhi,North,Silver,Electronics,Computing,Wireless Mouse,1,624.66,0.2,43.73,UPI
ORD10201,2024-09-24,CUST0007,Meera Kulkarni,New Delhi,Delhi,North,Silver,Books & Stationery,Stationery,Notebook Set,3,692.0,0.25,110.72,Cash on Delivery
ORD10201,2024-09-24,CUST0007,Meera Kulkarni,New Delhi,Delhi,North,Silver,Sports & Outdoors,Outdoor,Insulated Bottle,2,1306.46,0.1,345.49,Cash on Delivery
ORD10207,2024-09-26,CUST0115,Pari Das,Udaipur,Rajasthan,North,Silver,Fashion,Footwear,Everyday Sneakers,1,2040.13,0.05,352.19,UPI
ORD11030,2024-09-26,CUST0109,Aadhya Nair,Thiruvananthapuram,Kerala,South,Standard,Home & Kitchen,Bedding,Cotton Bedsheet,2,2988.48,0.1,591.05,Credit Card
ORD10577,2024-09-28,CUST0056,Krishna Joshi,Jaipur,Rajasthan,North,Standard,Beauty & Personal Care,Skincare,Face Moisturizer,2,1098.81,0.1,278.36,Cash on Delivery
ORD10768,2024-09-29,CUST0133,Rahul Verma,Kochi,Kerala,South,Standard,Sports & Outdoors,Outdoor,Insulated Bottle,2,1210.57,0.1,320.13,Debit Card
ORD10768,2024-09-29,CUST0133,Rahul Verma,Kochi,Kerala,South,Standard,Fashion,Accessories,Backpack,3,4366.4,0.2,305.65,Net Banking
ORD11034,2024-10-01,CUST0009,Riya Nair,Thiruvananthapuram,Kerala,South,Silver,Beauty & Personal Care,Haircare,Shampoo Pack,1,336.57,0.15,52.27,Debit Card
ORD10246,2024-10-03,CUST0167,Meera Khan,Warangal,Telangana,South,Silver,Home & Kitchen,Cookware,Non-stick Pan,1,1002.78,0.2,45.13,Cash on Delivery
ORD10954,2024-10-03,CUST0025,Meera Gupta,Jaipur,Rajasthan,North,Standard,Electronics,Accessories,USB-C Hub,1,1709.53,0.0,427.38,Net Banking
ORD10954,2024-10-03,CUST0025,Meera Gupta,Jaipur,Rajasthan,North,Standard,Fashion,Accessories,Backpack,3,5356.62,0.0,1499.85,Cash on Delivery
ORD11043,2024-10-03,CUST0037,Vivaan Khan,Mumbai,Maharashtra,West,Silver,Electronics,Computing,Wireless Mouse,1,768.0,0.15,101.19,Net Banking
ORD11043,2024-10-03,CUST0037,Vivaan Khan,Mumbai,Maharashtra,West,Silver,Electronics,Audio,Wireless Earbuds,1,1804.3,0.2,36.09,Credit Card
ORD10359,2024-10-05,CUST0157,Ayaan Pillai,Siliguri,West Bengal,East,Standard,Sports & Outdoors,Outdoor,Insulated Bottle,1,624.34,0.0,218.52,Cash on Delivery
ORD10438,2024-10-05,CUST0176,Aditya Pillai,Hyderabad,Telangana,South,Gold,Sports & Outdoors,Outdoor,Insulated Bottle,3,2152.74,0.05,666.22,Debit Card
ORD10833,2024-10-05,CUST0106,Myra Mehta,Chennai,Tamil Nadu,South,Standard,Electronics,Audio,Wireless Earbuds,1,2303.87,0.0,552.93,Cash on Delivery
ORD10220,2024-10-07,CUST0176,Aditya Pillai,Hyderabad,Telangana,South,Gold,Sports & Outdoors,Fitness,Yoga Mat,1,777.82,0.1,188.4,UPI
ORD10941,2024-10-07,CUST0161,Pari Gupta,New Delhi,Delhi,North,Silver,Books & Stationery,Stationery,Notebook Set,3,959.03,0.1,306.89,Cash on Delivery
ORD10941,2024-10-07,CUST0161,Pari Gupta,New Delhi,Delhi,North,Silver,Home & Kitchen,Storage,Storage Organizer,1,603.95,0.15,108.0,Net Banking
ORD10137,2024-10-08,CUST0077,Rohan Khan,Coimbatore,Tamil Nadu,South,Silver,Fashion,Apparel,Casual Shirt,1,1142.86,0.1,251.43,Net Banking
ORD10916,2024-10-08,CUST0129,Riya Joshi,Ahmedabad,Gujarat,West,Standard,Electronics,Accessories,USB-C Hub,1,1655.45,0.1,253.84,Credit Card
ORD11057,2024-10-08,CUST0231,Sai Iyer,Siliguri,West Bengal,East,Standard,Beauty & Personal Care,Haircare,Shampoo Pack,2,821.84,0.05,211.08,Net Banking
ORD10081,2024-10-09,CUST0093,Ayaan Khan,Bengaluru,Karnataka,South,Silver,Electronics,Accessories,USB-C Hub,1,1572.2,0.15,151.67,UPI
ORD10112,2024-10-09,CUST0045,Vivaan Mishra,New Delhi,Delhi,North,Standard,Sports & Outdoors,Outdoor,Insulated Bottle,2,1471.8,0.05,455.48,Net Banking
ORD10942,2024-10-09,CUST0151,Reyansh Verma,Lucknow,Uttar Pradesh,North,Standard,Electronics,Accessories,Laptop Stand,2,2570.88,0.15,399.24,UPI
ORD10227,2024-10-10,CUST0162,Aadhya Desai,Madurai,Tamil Nadu,South,Silver,Fashion,Apparel,Casual Shirt,1,1012.69,0.1,222.79,UPI
ORD10162,2024-10-11,CUST0157,Ayaan Pillai,Siliguri,West Bengal,East,Standard,Electronics,Computing,Wireless Mouse,1,912.84,0.0,255.6,Cash on Delivery
ORD10258,2024-10-11,CUST0087,Kiara Desai,Kolkata,West Bengal,East,Gold,Home & Kitchen,Bedding,Cotton Bedsheet,2,3271.36,0.05,805.79,UPI
ORD10835,2024-10-11,CUST0162,Aadhya Desai,Madurai,Tamil Nadu,South,Silver,Fashion,Footwear,Everyday Sneakers,3,8029.48,0.0,1766.49,Credit Card
ORD10835,2024-10-11,CUST0162,Aadhya Desai,Madurai,Tamil Nadu,South,Silver,Books & Stationery,Stationery,Notebook Set,1,297.17,0.1,95.09,Debit Card
ORD10116,2024-10-14,CUST0086,Ayaan Reddy,Surat,Gujarat,West,Silver,Beauty & Personal Care,Skincare,Face Moisturizer,1,408.3,0.2,59.2,Cash on Delivery
ORD10116,2024-10-14,CUST0086,Ayaan Reddy,Surat,Gujarat,West,Silver,Home & Kitchen,Storage,Storage Organizer,2,1297.2,0.1,299.8,Net Banking
ORD10607,2024-10-14,CUST0129,Riya Joshi,Ahmedabad,Gujarat,West,Standard,Beauty & Personal Care,Haircare,Shampoo Pack,1,345.11,0.2,32.79,Debit Card
ORD10607,2024-10-14,CUST0129,Riya Joshi,Ahmedabad,Gujarat,West,Standard,Books & Stationery,Books,Career Guide Book,1,367.0,0.2,71.57,Net Banking
ORD10775,2024-10-14,CUST0225,Nisha Patel,New Delhi,Delhi,North,Standard,Fashion,Footwear,Everyday Sneakers,2,3747.4,0.25,-299.79,Credit Card
ORD10203,2024-10-15,CUST0068,Ishaan Desai,Siliguri,West Bengal,East,Standard,Electronics,Accessories,USB-C Hub,1,1752.14,0.1,268.66,Credit Card
ORD10001,2024-10-17,CUST0170,Rahul Mehta,Lucknow,Uttar Pradesh,North,Standard,Home & Kitchen,Cookware,Non-stick Pan,1,1028.19,0.1,169.08,Debit Card
ORD10754,2024-10-17,CUST0080,Rohan Nair,Siliguri,West Bengal,East,Standard,Sports & Outdoors,Outdoor,Insulated Bottle,1,694.84,0.0,243.19,Credit Card
ORD10820,2024-10-18,CUST0031,Ayaan Sharma,Ahmedabad,Gujarat,West,Standard,Beauty & Personal Care,Skincare,Face Moisturizer,1,463.76,0.05,138.64,Credit Card
ORD10917,2024-10-18,CUST0148,Saanvi Rao,Mysuru,Karnataka,South,Standard,Electronics,Audio,Wireless Earbuds,3,6784.1,0.05,1313.97,Net Banking
ORD11046,2024-10-18,CUST0073,Krishna Patel,Kochi,Kerala,South,Silver,Books & Stationery,Stationery,Notebook Set,1,339.98,0.05,123.11,Net Banking
ORD11046,2024-10-18,CUST0073,Krishna Patel,Kochi,Kerala,South,Silver,Fashion,Apparel,Denim Jeans,2,3193.0,0.15,308.03,Cash on Delivery
ORD10850,2024-10-20,CUST0158,Dev Sharma,Kochi,Kerala,South,Standard,Electronics,Accessories,USB-C Hub,1,1569.11,0.1,240.6,Debit Card
ORD10935,2024-10-21,CUST0176,Aditya Pillai,Hyderabad,Telangana,South,Gold,Electronics,Accessories,USB-C Hub,1,1482.2,0.2,48.17,Debit Card
ORD10935,2024-10-21,CUST0176,Aditya Pillai,Hyderabad,Telangana,South,Gold,Home & Kitchen,Bedding,Cotton Bedsheet,1,1251.19,0.15,179.58,Debit Card
ORD11020,2024-10-21,CUST0045,Vivaan Mishra,New Delhi,Delhi,North,Standard,Sports & Outdoors,Fitness,Yoga Mat,1,1050.14,0.0,346.55,Debit Card
ORD10013,2024-10-22,CUST0110,Neha Joshi,Chennai,Tamil Nadu,South,Silver,Electronics,Accessories,USB-C Hub,1,1734.27,0.1,265.92,Net Banking
ORD10135,2024-10-22,CUST0045,Vivaan Mishra,New Delhi,Delhi,North,Standard,Fashion,Accessories,Backpack,3,5139.5,0.1,959.37,UPI
ORD10490,2024-10-23,CUST0189,Pari Singh,Jaipur,Rajasthan,North,Silver,Home & Kitchen,Storage,Storage Organizer,2,1012.61,0.25,54.01,Debit Card
ORD10631,2024-10-24,CUST0182,Vihaan Patel,Mangaluru,Karnataka,South,Standard,Beauty & Personal Care,Skincare,Face Moisturizer,1,508.25,0.1,128.76,Net Banking
ORD10937,2024-10-24,CUST0146,Riya Das,Hyderabad,Telangana,South,Silver,Books & Stationery,Books,Career Guide Book,1,434.95,0.15,108.48,UPI
ORD10937,2024-10-24,CUST0146,Riya Das,Hyderabad,Telangana,South,Silver,Fashion,Apparel,Casual Shirt,2,2274.89,0.05,608.23,Debit Card
ORD11003,2024-10-24,CUST0098,Krishna Das,Kolkata,West Bengal,East,Standard,Electronics,Audio,Wireless Earbuds,1,2101.32,0.0,504.32,Cash on Delivery
ORD11003,2024-10-24,CUST0098,Krishna Das,Kolkata,West Bengal,East,Standard,Fashion,Apparel,Denim Jeans,3,5522.46,0.05,1127.74,Credit Card
ORD10723,2024-10-25,CUST0054,Meera Verma,Udaipur,Rajasthan,North,Standard,Electronics,Computing,Wireless Mouse,1,712.74,0.05,168.06,Debit Card
ORD10635,2024-10-27,CUST0037,Vivaan Khan,Mumbai,Maharashtra,West,Silver,Beauty & Personal Care,Skincare,Face Moisturizer,4,1833.12,0.2,265.8,Debit Card
ORD10635,2024-10-27,CUST0037,Vivaan Khan,Mumbai,Maharashtra,West,Silver,Sports & Outdoors,Outdoor,Insulated Bottle,2,1152.75,0.2,181.56,Debit Card
ORD10814,2024-10-27,CUST0078,Aadhya Chopra,Thiruvananthapuram,Kerala,South,Silver,Electronics,Audio,Wireless Earbuds,2,3691.48,0.1,525.01,Debit Card
ORD10470,2024-10-28,CUST0241,Myra Pillai,Mangaluru,Karnataka,South,Silver,Electronics,Accessories,Laptop Stand,2,2401.5,0.1,501.65,Cash on Delivery
ORD10945,2024-10-28,CUST0020,Aadhya Bose,Surat,Gujarat,West,Gold,Electronics,Accessories,Laptop Stand,1,1082.45,0.15,168.1,Net Banking
ORD10780,2024-10-30,CUST0204,Aarav Singh,Pune,Maharashtra,West,Silver,Sports & Outdoors,Outdoor,Insulated Bottle,2,1327.22,0.0,464.53,UPI
ORD10780,2024-10-30,CUST0204,Aarav Singh,Pune,Maharashtra,West,Silver,Fashion,Accessories,Backpack,1,1193.89,0.25,0.0,Cash on Delivery
ORD10058,2024-10-31,CUST0078,Aadhya Chopra,Thiruvananthapuram,Kerala,South,Silver,Home & Kitchen,Lighting,Desk Lamp,2,1970.4,0.1,345.92,Cash on Delivery
ORD10058,2024-10-31,CUST0078,Aadhya Chopra,Thiruvananthapuram,Kerala,South,Silver,Fashion,Footwear,Everyday Sneakers,1,2182.39,0.1,261.89,Net Banking
ORD10884,2024-10-31,CUST0092,Krishna Gupta,Hyderabad,Telangana,South,Standard,Fashion,Apparel,Denim Jeans,3,5173.72,0.1,793.3,Credit Card
ORD11099,2024-10-31,CUST0116,Ishita Sharma,New Delhi,Delhi,North,Standard,Electronics,Accessories,USB-C Hub,1,1903.11,0.0,475.78,Credit Card
ORD10080,2024-11-01,CUST0187,Rahul Desai,Ahmedabad,Gujarat,West,Silver,Books & Stationery,Stationery,Notebook Set,1,284.28,0.05,102.94,Net Banking
ORD10426,2024-11-02,CUST0027,Priya Rao,Ahmedabad,Gujarat,West,Silver,Beauty & Personal Care,Skincare,Face Moisturizer,3,1518.06,0.15,307.18,UPI
ORD10126,2024-11-03,CUST0084,Saanvi Mishra,Surat,Gujarat,West,Standard,Electronics,Accessories,USB-C Hub,1,1549.68,0.05,316.46,Credit Card
ORD10579,2024-11-03,CUST0131,Riya Patel,Kolkata,West Bengal,East,Standard,Books & Stationery,Stationery,Notebook Set,1,270.81,0.1,86.66,Cash on Delivery
ORD10278,2024-11-04,CUST0209,Rohan Mehta,Noida,Uttar Pradesh,North,Standard,Books & Stationery,Stationery,Notebook Set,1,260.11,0.15,70.99,Credit Card
ORD10149,2024-11-05,CUST0218,Vivaan Joshi,Varanasi,Uttar Pradesh,North,Standard,Fashion,Footwear,Everyday Sneakers,1,2051.5,0.05,354.15,Credit Card
ORD10384,2024-11-05,CUST0133,Rahul Verma,Kochi,Kerala,South,Standard,Home & Kitchen,Bedding,Cotton Bedsheet,1,1619.05,0.05,398.8,Debit Card
ORD10439,2024-11-05,CUST0056,Krishna Joshi,Jaipur,Rajasthan,North,Standard,Fashion,Apparel,Denim Jeans,2,3550.43,0.15,342.51,Net Banking
ORD10987,2024-11-05,CUST0115,Pari Das,Udaipur,Rajasthan,North,Silver,Books & Stationery,Stationery,Notebook Set,1,273.75,0.15,74.72,Debit Card
ORD10987,2024-11-05,CUST0115,Pari Das,Udaipur,Rajasthan,North,Silver,Fashion,Accessories,Backpack,2,2812.82,0.1,525.06,Net Banking
ORD10216,2024-11-06,CUST0090,Krishna Desai,Siliguri,West Bengal,East,Silver,Sports & Outdoors,Outdoor,Insulated Bottle,3,1987.42,0.15,425.54,Credit Card
ORD10569,2024-11-06,CUST0143,Priya Gupta,Nashik,Maharashtra,West,Standard,Home & Kitchen,Storage,Storage Organizer,1,683.65,0.0,218.77,Net Banking
ORD10569,2024-11-06,CUST0143,Priya Gupta,Nashik,Maharashtra,West,Standard,Electronics,Accessories,USB-C Hub,2,3281.82,0.1,503.21,Cash on Delivery
ORD10415,2024-11-07,CUST0113,Saanvi Singh,Kolkata,West Bengal,East,Silver,Fashion,Apparel,Casual Shirt,1,1109.32,0.1,244.05,UPI
ORD10415,2024-11-07,CUST0113,Saanvi Singh,Kolkata,West Bengal,East,Silver,Books & Stationery,Books,Career Guide Book,3,1341.44,0.1,399.45,UPI
ORD10133,2024-11-08,CUST0033,Nisha Patel,Chennai,Tamil Nadu,South,Silver,Fashion,Apparel,Denim Jeans,2,3352.89,0.1,514.11,Credit Card
ORD10662,2024-11-08,CUST0016,Nisha Pillai,Siliguri,West Bengal,East,Standard,Home & Kitchen,Lighting,Desk Lamp,1,823.27,0.15,98.79,Cash on Delivery
ORD10662,2024-11-08,CUST0016,Nisha Pillai,Siliguri,West Bengal,East,Standard,Fashion,Apparel,Denim Jeans,1,1891.42,0.0,472.85,Debit Card
ORD10950,2024-11-08,CUST0053,Nisha Desai,New Delhi,Delhi,North,Standard,Sports & Outdoors,Fitness,Yoga Mat,2,1967.85,0.05,567.57,Net Banking
ORD10996,2024-11-10,CUST0004,Kabir Chopra,Madurai,Tamil Nadu,South,Standard,Fashion,Accessories,Backpack,3,4143.36,0.2,290.04,UPI
ORD10585,2024-11-13,CUST0198,Vivaan Khan,Udaipur,Rajasthan,North,Standard,Books & Stationery,Stationery,Notebook Set,4,1264.16,0.1,404.53,Credit Card
ORD10726,2024-11-13,CUST0153,Vihaan Shah,Siliguri,West Bengal,East,Gold,Books & Stationery,Books,Career Guide Book,2,802.15,0.1,238.86,Credit Card
ORD10443,2024-11-15,CUST0007,Meera Kulkarni,New Delhi,Delhi,North,Silver,Home & Kitchen,Lighting,Desk Lamp,1,1041.04,0.0,281.08,Debit Card
ORD10448,2024-11-15,CUST0157,Ayaan Pillai,Siliguri,West Bengal,East,Standard,Home & Kitchen,Lighting,Desk Lamp,2,1885.03,0.15,226.2,Net Banking
ORD10296,2024-11-16,CUST0045,Vivaan Mishra,New Delhi,Delhi,North,Standard,Home & Kitchen,Bedding,Cotton Bedsheet,2,2725.64,0.1,539.07,Debit Card
ORD10342,2024-11-19,CUST0137,Ishaan Patel,Thiruvananthapuram,Kerala,South,Standard,Fashion,Apparel,Casual Shirt,1,855.79,0.2,92.0,UPI
ORD10342,2024-11-19,CUST0137,Ishaan Patel,Thiruvananthapuram,Kerala,South,Standard,Home & Kitchen,Storage,Storage Organizer,1,549.39,0.15,98.24,UPI
ORD10687,2024-11-19,CUST0136,Kiara Sharma,Chennai,Tamil Nadu,South,Standard,Home & Kitchen,Lighting,Desk Lamp,1,944.98,0.2,54.34,Credit Card
ORD10429,2024-11-20,CUST0111,Kavya Patel,Vadodara,Gujarat,West,Standard,Fashion,Apparel,Denim Jeans,3,5125.56,0.1,785.92,Net Banking
ORD10458,2024-11-20,CUST0171,Ananya Patel,Mumbai,Maharashtra,West,Standard,Fashion,Apparel,Casual Shirt,3,3030.54,0.2,325.78,Debit Card
ORD10575,2024-11-20,CUST0151,Reyansh Verma,Lucknow,Uttar Pradesh,North,Standard,Beauty & Personal Care,Skincare,Face Moisturizer,1,548.46,0.0,186.48,Credit Card
ORD10606,2024-11-20,CUST0037,Vivaan Khan,Mumbai,Maharashtra,West,Silver,Beauty & Personal Care,Haircare,Shampoo Pack,1,374.05,0.0,112.22,Credit Card
ORD10677,2024-11-21,CUST0155,Ishita Mehta,Ahmedabad,Gujarat,West,Standard,Fashion,Accessories,Backpack,2,2755.89,0.25,0.0,Debit Card
ORD10677,2024-11-21,CUST0155,Ishita Mehta,Ahmedabad,Gujarat,West,Standard,Home & Kitchen,Bedding,Cotton Bedsheet,2,2828.87,0.05,696.8,Cash on Delivery
ORD10969,2024-11-24,CUST0231,Sai Iyer,Siliguri,West Bengal,East,Standard,Sports & Outdoors,Fitness,Yoga Mat,1,725.12,0.25,48.34,Credit Card
ORD10827,2024-11-25,CUST0167,Meera Khan,Warangal,Telangana,South,Silver,Sports & Outdoors,Outdoor,Insulated Bottle,1,619.55,0.1,163.84,Debit Card
ORD10147,2024-11-26,CUST0128,Neha Iyer,Nagpur,Maharashtra,West,Silver,Fashion,Accessories,Backpack,2,3796.03,0.0,1062.89,Debit Card
ORD10147,2024-11-26,CUST0128,Neha Iyer,Nagpur,Maharashtra,West,Silver,Electronics,Accessories,Laptop Stand,1,1361.82,0.1,284.47,UPI
ORD10374,2024-11-26,CUST0156,Tanvi Joshi,Mysuru,Karnataka,South,Standard,Fashion,Accessories,Backpack,1,1411.2,0.1,263.42,Credit Card
ORD10603,2024-11-27,CUST0037,Vivaan Khan,Mumbai,Maharashtra,West,Silver,Beauty & Personal Care,Skincare,Face Moisturizer,2,981.78,0.15,198.67,Cash on Delivery
ORD10603,2024-11-27,CUST0037,Vivaan Khan,Mumbai,Maharashtra,West,Silver,Fashion,Footwear,Everyday Sneakers,1,1927.82,0.1,231.34,Credit Card
ORD10603,2024-11-27,CUST0037,Vivaan Khan,Mumbai,Maharashtra,West,Silver,Sports & Outdoors,Outdoor,Insulated Bottle,3,1741.06,0.25,162.5,Cash on Delivery
ORD10387,2024-11-28,CUST0184,Reyansh Iyer,Lucknow,Uttar Pradesh,North,Silver,Home & Kitchen,Storage,Storage Organizer,1,545.32,0.2,65.44,UPI
ORD10387,2024-11-28,CUST0184,Reyansh Iyer,Lucknow,Uttar Pradesh,North,Silver,Fashion,Apparel,Casual Shirt,1,991.0,0.15,165.56,UPI
ORD10664,2024-11-29,CUST0215,Arjun Rao,Warangal,Telangana,South,Standard,Beauty & Personal Care,Haircare,Shampoo Pack,1,323.02,0.2,30.69,UPI
ORD10598,2024-12-01,CUST0172,Ira Das,Bengaluru,Karnataka,South,Standard,Home & Kitchen,Lighting,Desk Lamp,1,1018.29,0.05,229.38,Net Banking
ORD10598,2024-12-01,CUST0172,Ira Das,Bengaluru,Karnataka,South,Standard,Home & Kitchen,Bedding,Cotton Bedsheet,1,1622.48,0.0,470.52,Cash on Delivery
ORD10003,2024-12-02,CUST0099,Sai Pillai,Varanasi,Uttar Pradesh,North,Gold,Books & Stationery,Books,Career Guide Book,1,408.83,0.15,101.97,UPI
ORD10003,2024-12-02,CUST0099,Sai Pillai,Varanasi,Uttar Pradesh,North,Gold,Fashion,Apparel,Denim Jeans,1,1370.87,0.25,-54.83,Net Banking
ORD10114,2024-12-03,CUST0100,Tanvi Khan,Jaipur,Rajasthan,North,Standard,Beauty & Personal Care,Haircare,Shampoo Pack,3,1122.72,0.2,106.66,Credit Card
ORD10978,2024-12-03,CUST0139,Saanvi Mehta,Kochi,Kerala,South,Standard,Electronics,Accessories,Laptop Stand,1,1550.53,0.0,465.16,Cash on Delivery
ORD10978,2024-12-03,CUST0139,Saanvi Mehta,Kochi,Kerala,South,Standard,Electronics,Accessories,Laptop Stand,1,1371.86,0.0,411.56,Cash on Delivery
ORD10062,2024-12-04,CUST0029,Reyansh Chopra,Udaipur,Rajasthan,North,Silver,Electronics,Accessories,USB-C Hub,2,4001.34,0.0,1000.34,Credit Card
ORD10720,2024-12-04,CUST0042,Aadhya Shah,Pune,Maharashtra,West,Gold,Beauty & Personal Care,Skincare,Face Moisturizer,4,2142.26,0.0,728.37,Cash on Delivery
ORD10021,2024-12-05,CUST0215,Arjun Rao,Warangal,Telangana,South,Standard,Fashion,Apparel,Denim Jeans,1,1685.27,0.1,258.41,Net Banking
ORD10215,2024-12-05,CUST0012,Kabir Reddy,Vadodara,Gujarat,West,Standard,Electronics,Accessories,Laptop Stand,2,2453.44,0.2,233.08,UPI
ORD10262,2024-12-05,CUST0209,Rohan Mehta,Noida,Uttar Pradesh,North,Standard,Sports & Outdoors,Outdoor,Insulated Bottle,2,1314.85,0.05,406.91,UPI
ORD10297,2024-12-05,CUST0038,Reyansh Nair,Ahmedabad,Gujarat,West,Standard,Sports & Outdoors,Fitness,Yoga Mat,1,804.98,0.15,153.42,UPI
ORD10297,2024-12-05,CUST0038,Reyansh Nair,Ahmedabad,Gujarat,West,Standard,Home & Kitchen,Storage,Storage Organizer,2,1231.55,0.0,394.1,Credit Card
ORD10699,2024-12-05,CUST0152,Reyansh Kulkarni,Kolkata,West Bengal,East,Standard,Fashion,Accessories,Backpack,2,2894.68,0.1,540.34,Net Banking
ORD10699,2024-12-05,CUST0152,Reyansh Kulkarni,Kolkata,West Bengal,East,Standard,Electronics,Accessories,Laptop Stand,1,1157.3,0.2,109.94,Credit Card
ORD10594,2024-12-06,CUST0184,Reyansh Iyer,Lucknow,Uttar Pradesh,North,Silver,Electronics,Accessories,USB-C Hub,3,4596.98,0.15,443.47,Debit Card
ORD10343,2024-12-08,CUST0116,Ishita Sharma,New Delhi,Delhi,North,Standard,Fashion,Apparel,Denim Jeans,2,2863.23,0.2,93.05,UPI
ORD10388,2024-12-08,CUST0230,Rahul Kulkarni,Chennai,Tamil Nadu,South,Standard,Beauty & Personal Care,Haircare,Shampoo Pack,1,365.82,0.2,34.75,Credit Card
ORD10498,2024-12-09,CUST0151,Reyansh Verma,Lucknow,Uttar Pradesh,North,Standard,Fashion,Footwear,Everyday Sneakers,1,2261.76,0.1,271.41,Cash on Delivery
ORD10890,2024-12-09,CUST0134,Ishaan Mishra,Warangal,Telangana,South,Silver,Home & Kitchen,Storage,Storage Organizer,1,625.32,0.05,173.77,Credit Card
ORD10005,2024-12-10,CUST0012,Kabir Reddy,Vadodara,Gujarat,West,Standard,Home & Kitchen,Cookware,Non-stick Pan,2,2308.51,0.0,600.21,Cash on Delivery
ORD10005,2024-12-10,CUST0012,Kabir Reddy,Vadodara,Gujarat,West,Standard,Home & Kitchen,Storage,Storage Organizer,2,1257.66,0.0,402.45,Credit Card
ORD10578,2024-12-10,CUST0027,Priya Rao,Ahmedabad,Gujarat,West,Silver,Books & Stationery,Books,Career Guide Book,1,514.06,0.0,195.34,Debit Card
ORD10241,2024-12-11,CUST0152,Reyansh Kulkarni,Kolkata,West Bengal,East,Standard,Home & Kitchen,Cookware,Non-stick Pan,1,966.22,0.2,43.48,Credit Card
ORD10663,2024-12-11,CUST0146,Riya Das,Hyderabad,Telangana,South,Silver,Sports & Outdoors,Outdoor,Insulated Bottle,3,1531.95,0.2,241.28,Credit Card
ORD10663,2024-12-11,CUST0146,Riya Das,Hyderabad,Telangana,South,Silver,Books & Stationery,Books,Career Guide Book,2,848.75,0.15,211.69,Credit Card
ORD10860,2024-12-11,CUST0121,Ishaan Desai,Mumbai,Maharashtra,West,Standard,Electronics,Audio,Wireless Earbuds,1,2401.25,0.0,576.3,UPI
ORD10563,2024-12-12,CUST0245,Kabir Sharma,Hyderabad,Telangana,South,Standard,Beauty & Personal Care,Skincare,Face Moisturizer,1,463.78,0.2,67.25,Debit Card
ORD10844,2024-12-12,CUST0184,Reyansh Iyer,Lucknow,Uttar Pradesh,North,Silver,Electronics,Computing,Wireless Mouse,1,776.54,0.1,144.95,Net Banking
ORD10844,2024-12-12,CUST0184,Reyansh Iyer,Lucknow,Uttar Pradesh,North,Silver,Home & Kitchen,Storage,Storage Organizer,1,549.03,0.1,126.89,Cash on Delivery
ORD10693,2024-12-13,CUST0158,Dev Sharma,Kochi,Kerala,South,Standard,Electronics,Audio,Wireless Earbuds,1,1935.75,0.05,374.92,UPI
ORD10703,2024-12-13,CUST0179,Aarav Khan,Warangal,Telangana,South,Standard,Home & Kitchen,Bedding,Cotton Bedsheet,1,1731.67,0.0,502.18,UPI
ORD10703,2024-12-13,CUST0179,Aarav Khan,Warangal,Telangana,South,Standard,Electronics,Audio,Wireless Earbuds,3,6845.31,0.0,1642.88,UPI
ORD10042,2024-12-14,CUST0119,Ira Nair,Hyderabad,Telangana,South,Standard,Fashion,Accessories,Backpack,3,5571.66,0.05,1313.74,Debit Card
ORD10125,2024-12-17,CUST0093,Ayaan Khan,Bengaluru,Karnataka,South,Silver,Home & Kitchen,Lighting,Desk Lamp,2,1888.17,0.05,425.33,Net Banking
ORD10269,2024-12-17,CUST0071,Riya Kulkarni,Hyderabad,Telangana,South,Standard,Sports & Outdoors,Fitness,Yoga Mat,2,1946.75,0.0,642.43,Cash on Delivery
ORD10269,2024-12-17,CUST0071,Riya Kulkarni,Hyderabad,Telangana,South,Standard,Fashion,Apparel,Casual Shirt,3,3095.3,0.1,680.97,Cash on Delivery
ORD10269,2024-12-17,CUST0071,Riya Kulkarni,Hyderabad,Telangana,South,Standard,Home & Kitchen,Lighting,Desk Lamp,1,940.24,0.1,165.06,Debit Card
ORD10510,2024-12-17,CUST0046,Vivaan Verma,Jaipur,Rajasthan,North,Standard,Fashion,Apparel,Casual Shirt,2,2107.56,0.15,352.09,Cash on Delivery
ORD10208,2024-12-18,CUST0026,Ayaan Patel,New Delhi,Delhi,North,Standard,Beauty & Personal Care,Haircare,Shampoo Pack,4,1531.45,0.1,319.9,Net Banking
ORD10208,2024-12-18,CUST0026,Ayaan Patel,New Delhi,Delhi,North,Standard,Books & Stationery,Books,Career Guide Book,1,470.04,0.1,139.97,Net Banking
ORD10214,2024-12-18,CUST0215,Arjun Rao,Warangal,Telangana,South,Standard,Fashion,Footwear,Everyday Sneakers,1,2216.49,0.1,265.98,UPI
ORD10214,2024-12-18,CUST0215,Arjun Rao,Warangal,Telangana,South,Standard,Home & Kitchen,Storage,Storage Organizer,1,666.95,0.0,213.42,Net Banking
ORD10528,2024-12-18,CUST0167,Meera Khan,Warangal,Telangana,South,Silver,Sports & Outdoors,Fitness,Yoga Mat,2,1809.51,0.0,597.14,UPI
ORD10306,2024-12-19,CUST0107,Sai Bose,Warangal,Telangana,South,Standard,Sports & Outdoors,Outdoor,Insulated Bottle,3,2292.55,0.0,802.39,Net Banking
ORD10105,2024-12-20,CUST0129,Riya Joshi,Ahmedabad,Gujarat,West,Standard,Beauty & Personal Care,Haircare,Shampoo Pack,1,430.6,0.0,129.18,Cash on Delivery
ORD10079,2024-12-22,CUST0165,Vihaan Verma,Surat,Gujarat,West,Gold,Books & Stationery,Stationery,Notebook Set,1,356.77,0.0,142.71,UPI
ORD10554,2024-12-22,CUST0237,Aadhya Joshi,Jaipur,Rajasthan,North,Silver,Books & Stationery,Books,Career Guide Book,2,865.02,0.1,257.58,UPI
ORD10010,2024-12-23,CUST0205,Sai Kulkarni,New Delhi,Delhi,North,Standard,Beauty & Personal Care,Haircare,Shampoo Pack,1,354.03,0.1,73.95,UPI
ORD10010,2024-12-23,CUST0205,Sai Kulkarni,New Delhi,Delhi,North,Standard,Fashion,Apparel,Denim Jeans,1,1631.32,0.05,333.13,Debit Card
ORD10980,2024-12-24,CUST0059,Kabir Kulkarni,New Delhi,Delhi,North,Standard,Fashion,Apparel,Casual Shirt,2,1794.55,0.2,192.91,UPI
ORD10344,2024-12-25,CUST0108,Ishaan Mehta,Ahmedabad,Gujarat,West,Standard,Home & Kitchen,Lighting,Desk Lamp,2,1998.27,0.1,350.81,Debit Card
ORD10344,2024-12-25,CUST0108,Ishaan Mehta,Ahmedabad,Gujarat,West,Standard,Fashion,Apparel,Denim Jeans,1,1822.76,0.1,279.49,Net Banking
ORD10826,2024-12-25,CUST0074,Diya Das,Jaipur,Rajasthan,North,Standard,Home & Kitchen,Bedding,Cotton Bedsheet,1,1423.7,0.0,412.87,UPI
ORD10096,2024-12-26,CUST0183,Priya Iyer,Thiruvananthapuram,Kerala,South,Standard,Books & Stationery,Stationery,Notebook Set,1,258.59,0.2,56.89,UPI
ORD11008,2024-12-26,CUST0097,Kiara Chopra,Noida,Uttar Pradesh,North,Silver,Electronics,Computing,Wireless Mouse,3,2222.23,0.15,292.81,Net Banking
ORD10326,2024-12-27,CUST0194,Pari Singh,Mysuru,Karnataka,South,Silver,Beauty & Personal Care,Skincare,Face Moisturizer,2,1046.29,0.1,265.06,UPI
ORD10571,2024-12-27,CUST0157,Ayaan Pillai,Siliguri,West Bengal,East,Standard,Fashion,Apparel,Casual Shirt,1,1068.99,0.0,331.39,Debit Card
ORD10571,2024-12-27,CUST0157,Ayaan Pillai,Siliguri,West Bengal,East,Standard,Fashion,Apparel,Denim Jeans,2,3637.67,0.1,557.78,Debit Card
ORD10057,2024-12-28,CUST0092,Krishna Gupta,Hyderabad,Telangana,South,Standard,Fashion,Footwear,Everyday Sneakers,2,4507.99,0.0,991.76,Cash on Delivery
ORD10121,2024-12-29,CUST0166,Dev Iyer,Mysuru,Karnataka,South,Standard,Electronics,Accessories,Laptop Stand,2,2608.75,0.1,544.94,Debit Card
ORD10623,2024-12-29,CUST0203,Arjun Chopra,Hyderabad,Telangana,South,Standard,Electronics,Computing,Wireless Mouse,2,1798.13,0.0,503.48,Net Banking
ORD11078,2024-12-29,CUST0027,Priya Rao,Ahmedabad,Gujarat,West,Silver,Fashion,Apparel,Denim Jeans,2,3690.45,0.1,565.87,Credit Card
ORD10769,2024-12-30,CUST0155,Ishita Mehta,Ahmedabad,Gujarat,West,Standard,Electronics,Accessories,USB-C Hub,1,1406.06,0.2,45.7,Credit Card
ORD10769,2024-12-30,CUST0155,Ishita Mehta,Ahmedabad,Gujarat,West,Standard,Electronics,Audio,Wireless Earbuds,2,3333.69,0.2,66.67,Credit Card
ORD10975,2025-01-01,CUST0104,Diya Desai,Mumbai,Maharashtra,West,Silver,Home & Kitchen,Storage,Storage Organizer,4,2647.02,0.0,847.05,Cash on Delivery
ORD11082,2025-01-01,CUST0049,Tanvi Kulkarni,Thiruvananthapuram,Kerala,South,Standard,Sports & Outdoors,Fitness,Yoga Mat,2,1591.36,0.15,303.29,Cash on Delivery
ORD10071,2025-01-03,CUST0067,Dev Patel,Surat,Gujarat,West,Silver,Electronics,Accessories,Laptop Stand,2,2314.2,0.1,483.41,Cash on Delivery
ORD10120,2025-01-03,CUST0138,Rohan Desai,Kolkata,West Bengal,East,Gold,Books & Stationery,Stationery,Notebook Set,2,464.0,0.2,102.08,Credit Card
ORD10702,2025-01-03,CUST0227,Krishna Nair,Siliguri,West Bengal,East,Silver,Electronics,Audio,Wireless Earbuds,1,1949.02,0.05,377.49,Debit Card
ORD10771,2025-01-03,CUST0006,Rahul Gupta,Bengaluru,Karnataka,South,Standard,Fashion,Accessories,Backpack,2,3487.01,0.0,976.36,Cash on Delivery
ORD10771,2025-01-03,CUST0006,Rahul Gupta,Bengaluru,Karnataka,South,Standard,Electronics,Computing,Wireless Mouse,1,752.05,0.2,52.64,Net Banking
ORD10972,2025-01-03,CUST0221,Meera Kulkarni,Jaipur,Rajasthan,North,Standard,Books & Stationery,Stationery,Notebook Set,3,951.92,0.05,344.69,Cash on Delivery
ORD10972,2025-01-03,CUST0221,Meera Kulkarni,Jaipur,Rajasthan,North,Standard,Sports & Outdoors,Outdoor,Insulated Bottle,1,755.03,0.0,264.26,Cash on Delivery
ORD10686,2025-01-05,CUST0120,Neha Rao,Kolkata,West Bengal,East,Silver,Electronics,Accessories,Laptop Stand,3,3976.16,0.0,1192.85,Net Banking
ORD10829,2025-01-05,CUST0087,Kiara Desai,Kolkata,West Bengal,East,Gold,Books & Stationery,Books,Career Guide Book,2,908.38,0.0,345.18,Cash on Delivery
ORD10829,2025-01-05,CUST0087,Kiara Desai,Kolkata,West Bengal,East,Gold,Beauty & Personal Care,Skincare,Face Moisturizer,1,567.1,0.0,192.81,Cash on Delivery
ORD11007,2025-01-05,CUST0063,Reyansh Desai,Nagpur,Maharashtra,West,Silver,Fashion,Accessories,Backpack,2,3282.48,0.0,919.09,Net Banking
ORD10450,2025-01-07,CUST0066,Kavya Desai,New Delhi,Delhi,North,Standard,Fashion,Accessories,Backpack,2,2768.61,0.2,193.8,UPI
ORD10828,2025-01-07,CUST0237,Aadhya Joshi,Jaipur,Rajasthan,North,Silver,Electronics,Accessories,USB-C Hub,1,1822.36,0.0,455.59,Credit Card
ORD10354,2025-01-09,CUST0115,Pari Das,Udaipur,Rajasthan,North,Silver,Home & Kitchen,Cookware,Non-stick Pan,1,1344.61,0.0,349.6,Credit Card
ORD11065,2025-01-09,CUST0047,Rohan Desai,Kochi,Kerala,South,Standard,Fashion,Apparel,Denim Jeans,2,3854.53,0.0,963.63,Credit Card
ORD11065,2025-01-09,CUST0047,Rohan Desai,Kochi,Kerala,South,Standard,Beauty & Personal Care,Skincare,Face Moisturizer,1,492.32,0.2,71.39,Credit Card
ORD10517,2025-01-10,CUST0013,Krishna Chopra,Siliguri,West Bengal,East,Standard,Books & Stationery,Stationery,Notebook Set,2,613.82,0.1,196.42,Credit Card
ORD10153,2025-01-11,CUST0029,Reyansh Chopra,Udaipur,Rajasthan,North,Silver,Home & Kitchen,Cookware,Non-stick Pan,1,1158.0,0.15,125.34,Credit Card
ORD10153,2025-01-11,CUST0029,Reyansh Chopra,Udaipur,Rajasthan,North,Silver,Electronics,Computing,Wireless Mouse,2,1761.21,0.0,493.14,Net Banking
ORD10521,2025-01-11,CUST0117,Ananya Shah,Siliguri,West Bengal,East,Standard,Electronics,Computing,Wireless Mouse,1,612.65,0.2,42.89,Net Banking
ORD10521,2025-01-11,CUST0117,Ananya Shah,Siliguri,West Bengal,East,Standard,Home & Kitchen,Storage,Storage Organizer,1,441.8,0.25,23.56,Debit Card
ORD10983,2025-01-11,CUST0223,Arjun Shah,Lucknow,Uttar Pradesh,North,Standard,Fashion,Accessories,Backpack,1,1637.45,0.0,458.49,Cash on Delivery
ORD10033,2025-01-12,CUST0141,Pari Mehta,Thiruvananthapuram,Kerala,South,Standard,Books & Stationery,Stationery,Notebook Set,1,229.32,0.2,50.45,Net Banking
ORD10743,2025-01-12,CUST0164,Vivaan Iyer,Mysuru,Karnataka,South,Standard,Home & Kitchen,Lighting,Desk Lamp,1,934.9,0.15,112.19,UPI
ORD10089,2025-01-14,CUST0230,Rahul Kulkarni,Chennai,Tamil Nadu,South,Standard,Home & Kitchen,Lighting,Desk Lamp,1,1071.33,0.05,241.33,UPI
ORD10027,2025-01-15,CUST0237,Aadhya Joshi,Jaipur,Rajasthan,North,Silver,Electronics,Computing,Wireless Mouse,2,1492.56,0.1,278.61,Debit Card
ORD10913,2025-01-15,CUST0166,Dev Iyer,Mysuru,Karnataka,South,Standard,Fashion,Accessories,Backpack,1,1467.35,0.05,345.99,Debit Card
ORD10181,2025-01-16,CUST0206,Priya Sharma,Jaipur,Rajasthan,North,Standard,Electronics,Computing,Wireless Mouse,2,1736.22,0.05,409.38,UPI
ORD10756,2025-01-17,CUST0235,Kavya Bose,New Delhi,Delhi,North,Standard,Fashion,Apparel,Casual Shirt,2,2112.72,0.1,464.8,UPI
ORD11040,2025-01-17,CUST0199,Rohan Nair,Kolkata,West Bengal,East,Silver,Home & Kitchen,Lighting,Desk Lamp,2,1943.2,0.0,524.66,UPI
ORD10661,2025-01-18,CUST0080,Rohan Nair,Siliguri,West Bengal,East,Standard,Sports & Outdoors,Outdoor,Insulated Bottle,1,747.68,0.0,261.69,Net Banking
ORD10710,2025-01-18,CUST0234,Neha Das,Thiruvananthapuram,Kerala,South,Standard,Electronics,Computing,Wireless Mouse,1,838.68,0.0,234.83,Debit Card
ORD10654,2025-01-21,CUST0169,Kabir Joshi,Ahmedabad,Gujarat,West,Gold,Home & Kitchen,Bedding,Cotton Bedsheet,1,1333.75,0.1,263.79,Debit Card
ORD10805,2025-01-21,CUST0004,Kabir Chopra,Madurai,Tamil Nadu,South,Standard,Home & Kitchen,Bedding,Cotton Bedsheet,1,1763.44,0.0,511.4,Credit Card
ORD10805,2025-01-21,CUST0004,Kabir Chopra,Madurai,Tamil Nadu,South,Standard,Books & Stationery,Books,Career Guide Book,2,982.34,0.05,335.03,Net Banking
ORD10805,2025-01-21,CUST0004,Kabir Chopra,Madurai,Tamil Nadu,South,Standard,Electronics,Accessories,USB-C Hub,2,3328.35,0.15,321.09,Cash on Delivery
ORD10982,2025-01-21,CUST0102,Ananya Nair,Warangal,Telangana,South,Standard,Beauty & Personal Care,Haircare,Shampoo Pack,2,686.25,0.1,143.35,UPI
ORD10305,2025-01-22,CUST0099,Sai Pillai,Varanasi,Uttar Pradesh,North,Gold,Electronics,Computing,Wireless Mouse,1,886.42,0.05,209.01,Cash on Delivery
ORD10902,2025-01-22,CUST0181,Kabir Nair,New Delhi,Delhi,North,Silver,Electronics,Accessories,Laptop Stand,1,1154.26,0.2,109.65,Cash on Delivery
ORD10902,2025-01-22,CUST0181,Kabir Nair,New Delhi,Delhi,North,Silver,Electronics,Accessories,USB-C Hub,1,1309.6,0.2,42.56,Credit Card
ORD10254,2025-01-23,CUST0048,Riya Bose,Kochi,Kerala,South,Standard,Electronics,Audio,Wireless Earbuds,3,5568.01,0.2,111.36,Credit Card
ORD10254,2025-01-23,CUST0048,Riya Bose,Kochi,Kerala,South,Standard,Sports & Outdoors,Outdoor,Insulated Bottle,3,2055.29,0.0,719.35,UPI
ORD10271,2025-01-25,CUST0030,Rohan Singh,Warangal,Telangana,South,Standard,Electronics,Accessories,Laptop Stand,1,1093.16,0.15,169.76,Debit Card
ORD10345,2025-01-25,CUST0220,Vihaan Kulkarni,Udaipur,Rajasthan,North,Standard,Sports & Outdoors,Fitness,Yoga Mat,2,1748.41,0.0,576.98,Debit Card
ORD10538,2025-01-25,CUST0049,Tanvi Kulkarni,Thiruvananthapuram,Kerala,South,Standard,Sports & Outdoors,Outdoor,Insulated Bottle,1,642.78,0.15,137.63,Debit Card
ORD10800,2025-01-25,CUST0066,Kavya Desai,New Delhi,Delhi,North,Standard,Home & Kitchen,Storage,Storage Organizer,1,611.65,0.0,195.73,Net Banking
ORD10891,2025-01-25,CUST0138,Rohan Desai,Kolkata,West Bengal,East,Gold,Beauty & Personal Care,Haircare,Shampoo Pack,2,789.04,0.15,122.53,UPI
ORD10994,2025-01-25,CUST0045,Vivaan Mishra,New Delhi,Delhi,North,Standard,Home & Kitchen,Bedding,Cotton Bedsheet,1,1715.04,0.0,497.36,Debit Card
ORD10566,2025-01-26,CUST0244,Pari Pillai,Surat,Gujarat,West,Standard,Fashion,Accessories,Backpack,1,1422.41,0.1,265.52,UPI
ORD10601,2025-01-26,CUST0186,Priya Gupta,Siliguri,West Bengal,East,Silver,Home & Kitchen,Lighting,Desk Lamp,2,1564.06,0.25,-20.85,Credit Card
ORD10712,2025-01-26,CUST0083,Aarav Patel,Chennai,Tamil Nadu,South,Standard,Sports & Outdoors,Fitness,Yoga Mat,1,826.09,0.1,200.1,UPI
ORD10869,2025-01-26,CUST0007,Meera Kulkarni,New Delhi,Delhi,North,Silver,Electronics,Accessories,Laptop Stand,1,1387.6,0.0,416.28,UPI
ORD10932,2025-01-26,CUST0016,Nisha Pillai,Siliguri,West Bengal,East,Standard,Beauty & Personal Care,Haircare,Shampoo Pack,1,387.41,0.0,116.22,Debit Card
ORD10932,2025-01-26,CUST0016,Nisha Pillai,Siliguri,West Bengal,East,Standard,Books & Stationery,Books,Career Guide Book,2,782.96,0.1,233.15,UPI
ORD10070,2025-01-27,CUST0003,Reyansh Desai,Mumbai,Maharashtra,West,Standard,Fashion,Footwear,Everyday Sneakers,4,9607.85,0.05,1658.62,UPI
ORD10418,2025-01-28,CUST0134,Ishaan Mishra,Warangal,Telangana,South,Silver,Books & Stationery,Books,Career Guide Book,2,971.6,0.0,369.21,UPI
ORD10418,2025-01-28,CUST0134,Ishaan Mishra,Warangal,Telangana,South,Silver,Home & Kitchen,Storage,Storage Organizer,3,1822.19,0.1,421.13,Credit Card
ORD10559,2025-01-29,CUST0128,Neha Iyer,Nagpur,Maharashtra,West,Silver,Fashion,Apparel,Casual Shirt,2,1793.68,0.2,192.82,Net Banking
ORD11063,2025-01-29,CUST0104,Diya Desai,Mumbai,Maharashtra,West,Silver,Fashion,Apparel,Denim Jeans,1,1722.59,0.1,264.13,Cash on Delivery
ORD10274,2025-01-31,CUST0231,Sai Iyer,Siliguri,West Bengal,East,Standard,Fashion,Accessories,Backpack,4,7409.37,0.0,2074.62,Credit Card
ORD10129,2025-02-02,CUST0151,Reyansh Verma,Lucknow,Uttar Pradesh,North,Standard,Home & Kitchen,Lighting,Desk Lamp,1,1004.28,0.15,120.51,UPI
ORD10437,2025-02-02,CUST0147,Diya Das,Surat,Gujarat,West,Standard,Electronics,Accessories,USB-C Hub,3,4816.12,0.15,464.61,Debit Card
ORD10175,2025-02-06,CUST0211,Aadhya Bose,Thiruvananthapuram,Kerala,South,Standard,Fashion,Accessories,Backpack,1,1492.8,0.05,351.99,Credit Card
ORD10953,2025-02-06,CUST0017,Priya Mishra,Udaipur,Rajasthan,North,Standard,Electronics,Audio,Wireless Earbuds,1,1878.08,0.15,159.08,UPI
ORD10174,2025-02-07,CUST0038,Reyansh Nair,Ahmedabad,Gujarat,West,Standard,Electronics,Accessories,Laptop Stand,1,983.67,0.25,26.23,Debit Card
ORD10291,2025-02-07,CUST0147,Diya Das,Surat,Gujarat,West,Standard,Electronics,Computing,Wireless Mouse,1,792.47,0.15,104.42,Debit Card
ORD10183,2025-02-08,CUST0112,Ira Gupta,New Delhi,Delhi,North,Standard,Beauty & Personal Care,Skincare,Face Moisturizer,2,1024.69,0.0,348.39,Credit Card
ORD10676,2025-02-08,CUST0079,Kavya Mishra,Coimbatore,Tamil Nadu,South,Standard,Home & Kitchen,Cookware,Non-stick Pan,2,2045.23,0.25,-54.54,Credit Card
ORD10839,2025-02-08,CUST0160,Dev Iyer,Warangal,Telangana,South,Standard,Home & Kitchen,Bedding,Cotton Bedsheet,2,2636.93,0.1,521.53,Net Banking
ORD10179,2025-02-09,CUST0243,Kavya Kulkarni,Siliguri,West Bengal,East,Standard,Fashion,Apparel,Casual Shirt,1,798.71,0.25,31.95,Net Banking
ORD10106,2025-02-10,CUST0240,Meera Iyer,Chennai,Tamil Nadu,South,Silver,Fashion,Accessories,Backpack,1,1859.04,0.05,438.34,Net Banking
ORD10106,2025-02-10,CUST0240,Meera Iyer,Chennai,Tamil Nadu,South,Silver,Home & Kitchen,Bedding,Cotton Bedsheet,1,1259.06,0.2,103.87,Cash on Delivery
ORD10106,2025-02-10,CUST0240,Meera Iyer,Chennai,Tamil Nadu,South,Silver,Beauty & Personal Care,Skincare,Face Moisturizer,1,530.41,0.1,134.37,UPI
ORD10225,2025-02-10,CUST0206,Priya Sharma,Jaipur,Rajasthan,North,Standard,Electronics,Audio,Wireless Earbuds,1,2024.07,0.15,171.45,Debit Card
ORD11047,2025-02-10,CUST0245,Kabir Sharma,Hyderabad,Telangana,South,Standard,Sports & Outdoors,Fitness,Yoga Mat,1,884.31,0.1,214.2,Debit Card
ORD11047,2025-02-10,CUST0245,Kabir Sharma,Hyderabad,Telangana,South,Standard,Home & Kitchen,Cookware,Non-stick Pan,2,1692.93,0.25,-45.14,Credit Card
ORD11033,2025-02-11,CUST0093,Ayaan Khan,Bengaluru,Karnataka,South,Silver,Sports & Outdoors,Outdoor,Insulated Bottle,3,1720.75,0.2,271.02,Credit Card
ORD11092,2025-02-11,CUST0152,Reyansh Kulkarni,Kolkata,West Bengal,East,Standard,Home & Kitchen,Bedding,Cotton Bedsheet,1,1489.11,0.0,431.84,Net Banking
ORD11092,2025-02-11,CUST0152,Reyansh Kulkarni,Kolkata,West Bengal,East,Standard,Electronics,Computing,Wireless Mouse,1,709.62,0.15,93.5,Debit Card
ORD10727,2025-02-12,CUST0115,Pari Das,Udaipur,Rajasthan,North,Silver,Home & Kitchen,Bedding,Cotton Bedsheet,2,2793.0,0.2,230.42,Net Banking
ORD10733,2025-02-12,CUST0100,Tanvi Khan,Jaipur,Rajasthan,North,Standard,Beauty & Personal Care,Skincare,Face Moisturizer,1,548.72,0.05,164.04,Credit Card
ORD10733,2025-02-12,CUST0100,Tanvi Khan,Jaipur,Rajasthan,North,Standard,Fashion,Accessories,Backpack,2,3120.79,0.1,582.55,UPI
ORD10928,2025-02-13,CUST0132,Ayaan Mehta,Hyderabad,Telangana,South,Standard,Fashion,Footwear,Everyday Sneakers,1,2261.05,0.15,138.32,Cash on Delivery
ORD10562,2025-02-14,CUST0040,Vivaan Chopra,Jaipur,Rajasthan,North,Silver,Electronics,Accessories,USB-C Hub,2,2651.02,0.2,86.16,Debit Card
ORD10875,2025-02-14,CUST0213,Saanvi Pillai,Jaipur,Rajasthan,North,Gold,Home & Kitchen,Cookware,Non-stick Pan,1,1158.65,0.1,190.53,Debit Card
ORD10083,2025-02-15,CUST0185,Ishita Reddy,New Delhi,Delhi,North,Standard,Books & Stationery,Stationery,Notebook Set,1,228.75,0.2,50.32,Cash on Delivery
ORD10242,2025-02-17,CUST0045,Vivaan Mishra,New Delhi,Delhi,North,Standard,Home & Kitchen,Bedding,Cotton Bedsheet,2,3379.77,0.0,980.13,Cash on Delivery
ORD11094,2025-02-18,CUST0166,Dev Iyer,Mysuru,Karnataka,South,Standard,Electronics,Audio,Wireless Earbuds,1,2203.68,0.0,528.88,Net Banking
ORD11094,2025-02-18,CUST0166,Dev Iyer,Mysuru,Karnataka,South,Standard,Electronics,Audio,Wireless Earbuds,1,1611.07,0.25,-85.92,UPI
ORD10811,2025-02-19,CUST0174,Tanvi Mishra,Coimbatore,Tamil Nadu,South,Standard,Home & Kitchen,Lighting,Desk Lamp,3,2949.17,0.15,353.9,Cash on Delivery
ORD10109,2025-02-21,CUST0142,Ira Chopra,Noida,Uttar Pradesh,North,Standard,Electronics,Computing,Wireless Mouse,1,870.0,0.0,243.6,Debit Card
ORD10602,2025-02-22,CUST0109,Aadhya Nair,Thiruvananthapuram,Kerala,South,Standard,Electronics,Audio,Wireless Earbuds,1,2149.03,0.05,416.23,Credit Card
ORD10602,2025-02-22,CUST0109,Aadhya Nair,Thiruvananthapuram,Kerala,South,Standard,Fashion,Apparel,Denim Jeans,2,3079.97,0.1,472.26,Net Banking
ORD10660,2025-02-22,CUST0152,Reyansh Kulkarni,Kolkata,West Bengal,East,Standard,Fashion,Apparel,Denim Jeans,2,3483.81,0.0,870.95,Debit Card
ORD10055,2025-02-24,CUST0173,Aditya Bose,Bengaluru,Karnataka,South,Gold,Sports & Outdoors,Outdoor,Insulated Bottle,3,1597.48,0.15,342.05,Credit Card
ORD10583,2025-02-24,CUST0209,Rohan Mehta,Noida,Uttar Pradesh,North,Standard,Electronics,Computing,Wireless Mouse,2,1283.93,0.2,89.87,Debit Card
ORD10692,2025-02-24,CUST0157,Ayaan Pillai,Siliguri,West Bengal,East,Standard,Electronics,Audio,Wireless Earbuds,1,1945.84,0.1,276.74,Cash on Delivery
ORD10724,2025-02-24,CUST0213,Saanvi Pillai,Jaipur,Rajasthan,North,Gold,Electronics,Accessories,USB-C Hub,1,1714.53,0.1,262.9,Net Banking
ORD10546,2025-02-25,CUST0194,Pari Singh,Mysuru,Karnataka,South,Silver,Home & Kitchen,Storage,Storage Organizer,1,606.49,0.0,194.08,Credit Card
ORD10260,2025-02-26,CUST0029,Reyansh Chopra,Udaipur,Rajasthan,North,Silver,Books & Stationery,Stationery,Notebook Set,1,328.0,0.0,131.2,Cash on Delivery
ORD10331,2025-02-26,CUST0199,Rohan Nair,Kolkata,West Bengal,East,Silver,Books & Stationery,Books,Career Guide Book,2,769.65,0.15,191.96,Debit Card
ORD10331,2025-02-26,CUST0199,Rohan Nair,Kolkata,West Bengal,East,Silver,Electronics,Computing,Wireless Mouse,1,695.1,0.15,91.59,Cash on Delivery
ORD10331,2025-02-26,CUST0199,Rohan Nair,Kolkata,West Bengal,East,Silver,Home & Kitchen,Storage,Storage Organizer,1,675.94,0.05,187.84,Debit Card
ORD10670,2025-02-26,CUST0084,Saanvi Mishra,Surat,Gujarat,West,Standard,Fashion,Footwear,Everyday Sneakers,1,1854.43,0.15,113.45,Credit Card
ORD10670,2025-02-26,CUST0084,Saanvi Mishra,Surat,Gujarat,West,Standard,Home & Kitchen,Bedding,Cotton Bedsheet,2,2875.15,0.1,568.64,Cash on Delivery
ORD10984,2025-02-26,CUST0004,Kabir Chopra,Madurai,Tamil Nadu,South,Standard,Books & Stationery,Stationery,Notebook Set,2,424.12,0.25,67.86,Credit Card
ORD10984,2025-02-26,CUST0004,Kabir Chopra,Madurai,Tamil Nadu,South,Standard,Electronics,Accessories,Laptop Stand,1,1292.68,0.0,387.8,UPI
ORD10234,2025-02-27,CUST0136,Kiara Sharma,Chennai,Tamil Nadu,South,Standard,Home & Kitchen,Cookware,Non-stick Pan,1,1222.76,0.0,317.92,Cash on Delivery
ORD10320,2025-02-27,CUST0187,Rahul Desai,Ahmedabad,Gujarat,West,Silver,Books & Stationery,Stationery,Notebook Set,1,308.01,0.05,111.53,Debit Card
ORD10431,2025-02-27,CUST0250,Kavya Gupta,New Delhi,Delhi,North,Standard,Fashion,Apparel,Denim Jeans,2,3018.87,0.1,462.89,Credit Card
ORD10308,2025-02-28,CUST0167,Meera Khan,Warangal,Telangana,South,Silver,Electronics,Accessories,USB-C Hub,1,1507.52,0.1,231.15,Credit Card
ORD10308,2025-02-28,CUST0167,Meera Khan,Warangal,Telangana,South,Silver,Beauty & Personal Care,Haircare,Shampoo Pack,1,427.41,0.0,128.22,Credit Card
ORD10644,2025-02-28,CUST0178,Vihaan Desai,Noida,Uttar Pradesh,North,Standard,Home & Kitchen,Bedding,Cotton Bedsheet,1,1334.45,0.15,191.53,Credit Card
ORD10846,2025-03-01,CUST0220,Vihaan Kulkarni,Udaipur,Rajasthan,North,Standard,Home & Kitchen,Bedding,Cotton Bedsheet,1,1318.13,0.1,260.7,Debit Card
ORD10088,2025-03-02,CUST0145,Rahul Reddy,Hyderabad,Telangana,South,Standard,Home & Kitchen,Cookware,Non-stick Pan,1,1139.12,0.05,244.61,UPI
ORD10859,2025-03-02,CUST0004,Kabir Chopra,Madurai,Tamil Nadu,South,Standard,Home & Kitchen,Storage,Storage Organizer,1,654.28,0.0,209.37,Debit Card
ORD10094,2025-03-03,CUST0148,Saanvi Rao,Mysuru,Karnataka,South,Standard,Home & Kitchen,Lighting,Desk Lamp,1,1128.61,0.05,254.23,Net Banking
ORD10044,2025-03-04,CUST0215,Arjun Rao,Warangal,Telangana,South,Standard,Home & Kitchen,Storage,Storage Organizer,3,1642.79,0.2,197.13,Credit Card
ORD10229,2025-03-04,CUST0066,Kavya Desai,New Delhi,Delhi,North,Standard,Electronics,Accessories,Laptop Stand,2,2259.27,0.25,60.25,Debit Card
ORD11005,2025-03-04,CUST0160,Dev Iyer,Warangal,Telangana,South,Standard,Electronics,Accessories,USB-C Hub,3,4336.79,0.1,664.97,Net Banking
ORD10952,2025-03-06,CUST0111,Kavya Patel,Vadodara,Gujarat,West,Standard,Sports & Outdoors,Fitness,Yoga Mat,1,948.88,0.1,229.84,Net Banking
ORD10952,2025-03-06,CUST0111,Kavya Patel,Vadodara,Gujarat,West,Standard,Electronics,Computing,Wireless Mouse,2,1457.44,0.1,272.06,Credit Card
ORD10952,2025-03-06,CUST0111,Kavya Patel,Vadodara,Gujarat,West,Standard,Books & Stationery,Books,Career Guide Book,1,473.46,0.1,140.99,Debit Card
ORD10855,2025-03-07,CUST0148,Saanvi Rao,Mysuru,Karnataka,South,Standard,Home & Kitchen,Bedding,Cotton Bedsheet,2,2818.2,0.0,817.28,UPI
ORD10152,2025-03-08,CUST0248,Ira Reddy,New Delhi,Delhi,North,Standard,Sports & Outdoors,Outdoor,Insulated Bottle,1,701.83,0.05,217.2,UPI
ORD10134,2025-03-09,CUST0148,Saanvi Rao,Mysuru,Karnataka,South,Standard,Books & Stationery,Stationery,Notebook Set,2,645.11,0.1,206.43,Cash on Delivery
ORD10688,2025-03-09,CUST0245,Kabir Sharma,Hyderabad,Telangana,South,Standard,Home & Kitchen,Bedding,Cotton Bedsheet,1,1360.53,0.05,335.12,UPI
ORD10688,2025-03-09,CUST0245,Kabir Sharma,Hyderabad,Telangana,South,Standard,Electronics,Audio,Wireless Earbuds,1,1911.53,0.15,161.92,Debit Card
ORD10688,2025-03-09,CUST0245,Kabir Sharma,Hyderabad,Telangana,South,Standard,Fashion,Footwear,Everyday Sneakers,1,2397.84,0.1,287.74,UPI
ORD10284,2025-03-10,CUST0215,Arjun Rao,Warangal,Telangana,South,Standard,Home & Kitchen,Lighting,Desk Lamp,2,2083.73,0.15,250.05,Net Banking
ORD10284,2025-03-10,CUST0215,Arjun Rao,Warangal,Telangana,South,Standard,Electronics,Computing,Wireless Mouse,2,1683.36,0.0,471.34,Debit Card
ORD10339,2025-03-10,CUST0049,Tanvi Kulkarni,Thiruvananthapuram,Kerala,South,Standard,Fashion,Apparel,Denim Jeans,1,1689.78,0.1,259.1,Cash on Delivery
ORD10536,2025-03-10,CUST0200,Kavya Gupta,Mumbai,Maharashtra,West,Standard,Beauty & Personal Care,Haircare,Shampoo Pack,1,340.45,0.1,71.12,Credit Card
ORD10536,2025-03-10,CUST0200,Kavya Gupta,Mumbai,Maharashtra,West,Standard,Fashion,Apparel,Casual Shirt,1,1072.12,0.2,115.25,UPI
ORD10557,2025-03-10,CUST0247,Vivaan Pillai,Kolkata,West Bengal,East,Standard,Home & Kitchen,Bedding,Cotton Bedsheet,1,1299.38,0.15,186.5,Net Banking
ORD11090,2025-03-10,CUST0205,Sai Kulkarni,New Delhi,Delhi,North,Standard,Books & Stationery,Stationery,Notebook Set,1,304.62,0.1,97.48,Cash on Delivery
ORD11096,2025-03-10,CUST0196,Krishna Patel,Siliguri,West Bengal,East,Silver,Beauty & Personal Care,Skincare,Face Moisturizer,3,1454.75,0.0,494.62,Cash on Delivery
ORD10960,2025-03-11,CUST0119,Ira Nair,Hyderabad,Telangana,South,Standard,Fashion,Apparel,Casual Shirt,1,953.26,0.1,209.72,Debit Card
ORD11051,2025-03-11,CUST0230,Rahul Kulkarni,Chennai,Tamil Nadu,South,Standard,Beauty & Personal Care,Skincare,Face Moisturizer,1,552.63,0.0,187.89,UPI
ORD10825,2025-03-12,CUST0058,Kabir Das,Mumbai,Maharashtra,West,Silver,Books & Stationery,Books,Career Guide Book,1,435.08,0.0,165.33,Debit Card
ORD11002,2025-03-12,CUST0021,Rohan Mehta,Jaipur,Rajasthan,North,Silver,Home & Kitchen,Cookware,Non-stick Pan,1,1087.28,0.1,178.8,Net Banking
ORD11002,2025-03-12,CUST0021,Rohan Mehta,Jaipur,Rajasthan,North,Silver,Fashion,Apparel,Denim Jeans,1,1466.7,0.25,-58.67,Credit Card
ORD11085,2025-03-12,CUST0030,Rohan Singh,Warangal,Telangana,South,Standard,Beauty & Personal Care,Skincare,Face Moisturizer,2,1011.93,0.0,344.05,Debit Card
ORD11085,2025-03-12,CUST0030,Rohan Singh,Warangal,Telangana,South,Standard,Books & Stationery,Books,Career Guide Book,1,381.76,0.25,50.9,Credit Card
ORD10560,2025-03-14,CUST0077,Rohan Khan,Coimbatore,Tamil Nadu,South,Silver,Electronics,Computing,Wireless Mouse,3,2395.91,0.15,315.7,Debit Card
ORD10572,2025-03-14,CUST0100,Tanvi Khan,Jaipur,Rajasthan,North,Standard,Fashion,Apparel,Denim Jeans,1,1783.37,0.0,445.84,Credit Card
ORD10849,2025-03-14,CUST0041,Saanvi Rao,Chennai,Tamil Nadu,South,Standard,Home & Kitchen,Storage,Storage Organizer,2,1352.19,0.0,432.7,Debit Card
ORD10645,2025-03-15,CUST0040,Vivaan Chopra,Jaipur,Rajasthan,North,Silver,Beauty & Personal Care,Haircare,Shampoo Pack,3,948.66,0.25,25.3,Debit Card
ORD10122,2025-03-16,CUST0242,Dev Gupta,Siliguri,West Bengal,East,Standard,Electronics,Accessories,USB-C Hub,1,1627.31,0.1,249.52,Cash on Delivery
ORD10393,2025-03-16,CUST0068,Ishaan Desai,Siliguri,West Bengal,East,Standard,Electronics,Computing,Wireless Mouse,1,740.26,0.1,138.18,Credit Card
ORD10946,2025-03-16,CUST0080,Rohan Nair,Siliguri,West Bengal,East,Standard,Electronics,Audio,Wireless Earbuds,1,2399.97,0.0,575.99,Cash on Delivery
ORD10486,2025-03-17,CUST0138,Rohan Desai,Kolkata,West Bengal,East,Gold,Electronics,Accessories,USB-C Hub,3,4152.98,0.15,400.64,UPI
ORD10551,2025-03-17,CUST0193,Myra Mehta,Nagpur,Maharashtra,West,Standard,Electronics,Accessories,USB-C Hub,1,1564.21,0.15,150.9,Net Banking
ORD10479,2025-03-18,CUST0161,Pari Gupta,New Delhi,Delhi,North,Silver,Fashion,Footwear,Everyday Sneakers,1,2060.18,0.05,355.65,Cash on Delivery
ORD10617,2025-03-18,CUST0078,Aadhya Chopra,Thiruvananthapuram,Kerala,South,Silver,Fashion,Apparel,Casual Shirt,3,3130.39,0.1,688.69,UPI
ORD10617,2025-03-18,CUST0078,Aadhya Chopra,Thiruvananthapuram,Kerala,South,Silver,Fashion,Apparel,Denim Jeans,1,1868.17,0.1,286.45,Net Banking
ORD11024,2025-03-18,CUST0115,Pari Das,Udaipur,Rajasthan,North,Silver,Electronics,Computing,Wireless Mouse,3,2018.82,0.25,0.0,UPI
ORD10753,2025-03-19,CUST0154,Sai Joshi,Madurai,Tamil Nadu,South,Standard,Sports & Outdoors,Outdoor,Insulated Bottle,1,721.51,0.05,223.29,Debit Card
ORD10753,2025-03-19,CUST0154,Sai Joshi,Madurai,Tamil Nadu,South,Standard,Books & Stationery,Stationery,Notebook Set,1,256.16,0.15,69.92,Net Banking
ORD10366,2025-03-20,CUST0062,Ishaan Singh,Bengaluru,Karnataka,South,Gold,Home & Kitchen,Storage,Storage Organizer,2,1140.74,0.1,263.64,Credit Card
ORD10025,2025-03-21,CUST0157,Ayaan Pillai,Siliguri,West Bengal,East,Standard,Electronics,Accessories,Laptop Stand,1,1218.67,0.1,254.57,Credit Card
ORD10505,2025-03-21,CUST0075,Rohan Mehta,New Delhi,Delhi,North,Silver,Sports & Outdoors,Fitness,Yoga Mat,1,889.84,0.15,169.59,Credit Card
ORD11053,2025-03-21,CUST0077,Rohan Khan,Coimbatore,Tamil Nadu,South,Silver,Fashion,Footwear,Everyday Sneakers,2,4186.91,0.1,502.43,Credit Card
ORD11053,2025-03-21,CUST0077,Rohan Khan,Coimbatore,Tamil Nadu,South,Silver,Home & Kitchen,Cookware,Non-stick Pan,1,1139.72,0.15,123.36,Debit Card
ORD11053,2025-03-21,CUST0077,Rohan Khan,Coimbatore,Tamil Nadu,South,Silver,Books & Stationery,Books,Career Guide Book,2,803.99,0.1,239.41,Debit Card
ORD10921,2025-03-22,CUST0214,Saanvi Mehta,Siliguri,West Bengal,East,Standard,Electronics,Computing,Wireless Mouse,1,658.6,0.2,46.1,Cash on Delivery
ORD10885,2025-03-23,CUST0242,Dev Gupta,Siliguri,West Bengal,East,Standard,Beauty & Personal Care,Skincare,Face Moisturizer,3,1625.34,0.1,411.75,Credit Card
ORD10634,2025-03-24,CUST0121,Ishaan Desai,Mumbai,Maharashtra,West,Standard,Home & Kitchen,Bedding,Cotton Bedsheet,2,2995.31,0.15,429.91,Net Banking
ORD11052,2025-03-24,CUST0045,Vivaan Mishra,New Delhi,Delhi,North,Standard,Electronics,Accessories,USB-C Hub,1,1491.98,0.1,228.77,Cash on Delivery
ORD11052,2025-03-24,CUST0045,Vivaan Mishra,New Delhi,Delhi,North,Standard,Sports & Outdoors,Outdoor,Insulated Bottle,1,549.0,0.2,86.47,UPI
ORD10370,2025-03-25,CUST0200,Kavya Gupta,Mumbai,Maharashtra,West,Standard,Electronics,Audio,Wireless Earbuds,2,3813.56,0.05,738.63,UPI
ORD10370,2025-03-25,CUST0200,Kavya Gupta,Mumbai,Maharashtra,West,Standard,Sports & Outdoors,Outdoor,Insulated Bottle,2,1272.92,0.1,336.62,Net Banking
ORD10476,2025-03-26,CUST0062,Ishaan Singh,Bengaluru,Karnataka,South,Gold,Home & Kitchen,Storage,Storage Organizer,1,531.96,0.15,95.13,Debit Card
ORD10476,2025-03-26,CUST0062,Ishaan Singh,Bengaluru,Karnataka,South,Gold,Electronics,Accessories,USB-C Hub,1,1610.76,0.1,246.98,Net Banking
ORD11062,2025-03-26,CUST0039,Pari Desai,Mysuru,Karnataka,South,Gold,Sports & Outdoors,Outdoor,Insulated Bottle,1,572.14,0.1,151.3,Cash on Delivery
ORD10139,2025-03-27,CUST0189,Pari Singh,Jaipur,Rajasthan,North,Silver,Beauty & Personal Care,Haircare,Shampoo Pack,1,356.27,0.2,33.85,Debit Card
ORD10395,2025-03-27,CUST0158,Dev Sharma,Kochi,Kerala,South,Standard,Home & Kitchen,Bedding,Cotton Bedsheet,1,1614.02,0.05,397.56,UPI
ORD10422,2025-03-28,CUST0118,Diya Kulkarni,Kolkata,West Bengal,East,Standard,Electronics,Audio,Wireless Earbuds,1,2036.91,0.1,289.69,Cash on Delivery
ORD10549,2025-03-28,CUST0040,Vivaan Chopra,Jaipur,Rajasthan,North,Silver,Books & Stationery,Books,Career Guide Book,2,957.94,0.05,326.71,UPI
ORD10549,2025-03-28,CUST0040,Vivaan Chopra,Jaipur,Rajasthan,North,Silver,Electronics,Accessories,USB-C Hub,1,1316.4,0.2,42.78,Credit Card
ORD11035,2025-03-28,CUST0108,Ishaan Mehta,Ahmedabad,Gujarat,West,Standard,Fashion,Footwear,Everyday Sneakers,3,7214.59,0.05,1245.47,Debit Card
ORD10217,2025-03-29,CUST0038,Reyansh Nair,Ahmedabad,Gujarat,West,Standard,Fashion,Accessories,Backpack,1,1630.02,0.1,304.27,Credit Card
ORD10217,2025-03-29,CUST0038,Reyansh Nair,Ahmedabad,Gujarat,West,Standard,Sports & Outdoors,Fitness,Yoga Mat,1,854.2,0.15,162.8,Cash on Delivery
ORD10275,2025-03-29,CUST0158,Dev Sharma,Kochi,Kerala,South,Standard,Fashion,Apparel,Denim Jeans,2,3504.86,0.1,537.41,Credit Card
ORD10275,2025-03-29,CUST0158,Dev Sharma,Kochi,Kerala,South,Standard,Fashion,Apparel,Casual Shirt,1,808.09,0.25,32.32,Credit Card
ORD10330,2025-03-29,CUST0065,Nisha Das,Bengaluru,Karnataka,South,Standard,Sports & Outdoors,Outdoor,Insulated Bottle,2,1321.73,0.15,283.01,Net Banking
ORD10330,2025-03-29,CUST0065,Nisha Das,Bengaluru,Karnataka,South,Standard,Sports & Outdoors,Fitness,Yoga Mat,3,2270.13,0.2,300.79,Debit Card
ORD10330,2025-03-29,CUST0065,Nisha Das,Bengaluru,Karnataka,South,Standard,Electronics,Computing,Wireless Mouse,1,674.01,0.15,88.81,Credit Card
ORD10646,2025-03-29,CUST0235,Kavya Bose,New Delhi,Delhi,North,Standard,Electronics,Audio,Wireless Earbuds,2,3550.93,0.1,505.02,Debit Card
ORD10665,2025-03-29,CUST0240,Meera Iyer,Chennai,Tamil Nadu,South,Silver,Electronics,Computing,Wireless Mouse,3,2204.95,0.15,290.53,Debit Card
ORD10665,2025-03-29,CUST0240,Meera Iyer,Chennai,Tamil Nadu,South,Silver,Books & Stationery,Stationery,Notebook Set,2,518.65,0.1,165.97,Cash on Delivery
ORD11072,2025-03-30,CUST0025,Meera Gupta,Jaipur,Rajasthan,North,Standard,Home & Kitchen,Lighting,Desk Lamp,2,2044.29,0.1,358.89,UPI
ORD10108,2025-03-31,CUST0235,Kavya Bose,New Delhi,Delhi,North,Standard,Fashion,Footwear,Everyday Sneakers,1,2360.24,0.0,519.25,Cash on Delivery
ORD10184,2025-04-01,CUST0071,Riya Kulkarni,Hyderabad,Telangana,South,Standard,Electronics,Accessories,Laptop Stand,2,2609.07,0.1,545.01,Net Banking
ORD10184,2025-04-01,CUST0071,Riya Kulkarni,Hyderabad,Telangana,South,Standard,Beauty & Personal Care,Haircare,Shampoo Pack,3,1021.79,0.1,213.44,Net Banking
ORD10533,2025-04-01,CUST0025,Meera Gupta,Jaipur,Rajasthan,North,Standard,Electronics,Computing,Wireless Mouse,4,3222.61,0.05,759.86,Cash on Delivery
ORD10673,2025-04-01,CUST0146,Riya Das,Hyderabad,Telangana,South,Silver,Books & Stationery,Books,Career Guide Book,1,349.05,0.25,46.54,Credit Card
ORD11032,2025-04-02,CUST0109,Aadhya Nair,Thiruvananthapuram,Kerala,South,Standard,Beauty & Personal Care,Haircare,Shampoo Pack,1,361.57,0.1,75.53,UPI
ORD10478,2025-04-04,CUST0076,Ananya Khan,Warangal,Telangana,South,Silver,Fashion,Accessories,Backpack,4,5294.57,0.15,697.64,Cash on Delivery
ORD10493,2025-04-05,CUST0129,Riya Joshi,Ahmedabad,Gujarat,West,Standard,Electronics,Audio,Wireless Earbuds,1,2351.95,0.0,564.47,UPI
ORD10493,2025-04-05,CUST0129,Riya Joshi,Ahmedabad,Gujarat,West,Standard,Beauty & Personal Care,Skincare,Face Moisturizer,1,486.27,0.15,98.4,Net Banking
ORD10493,2025-04-05,CUST0129,Riya Joshi,Ahmedabad,Gujarat,West,Standard,Books & Stationery,Stationery,Notebook Set,1,317.36,0.1,101.56,UPI
ORD10286,2025-04-06,CUST0107,Sai Bose,Warangal,Telangana,South,Standard,Beauty & Personal Care,Haircare,Shampoo Pack,1,362.45,0.05,93.09,UPI
ORD10348,2025-04-06,CUST0133,Rahul Verma,Kochi,Kerala,South,Standard,Home & Kitchen,Storage,Storage Organizer,3,1825.81,0.0,584.26,Debit Card
ORD10030,2025-04-07,CUST0212,Vihaan Mehta,Thiruvananthapuram,Kerala,South,Silver,Sports & Outdoors,Fitness,Yoga Mat,4,3592.45,0.15,684.68,Debit Card
ORD10383,2025-04-08,CUST0096,Myra Shah,Thiruvananthapuram,Kerala,South,Gold,Beauty & Personal Care,Skincare,Face Moisturizer,1,521.55,0.0,177.33,UPI
ORD10304,2025-04-10,CUST0103,Rahul Das,Noida,Uttar Pradesh,North,Standard,Electronics,Accessories,Laptop Stand,4,5580.13,0.05,1433.21,Cash on Delivery
ORD10304,2025-04-10,CUST0103,Rahul Das,Noida,Uttar Pradesh,North,Standard,Fashion,Footwear,Everyday Sneakers,3,6912.81,0.05,1193.37,Credit Card
ORD10465,2025-04-10,CUST0158,Dev Sharma,Kochi,Kerala,South,Standard,Books & Stationery,Stationery,Notebook Set,3,851.97,0.05,308.5,Net Banking
ORD10873,2025-04-10,CUST0129,Riya Joshi,Ahmedabad,Gujarat,West,Standard,Fashion,Apparel,Casual Shirt,1,1102.61,0.05,294.8,UPI
ORD10880,2025-04-10,CUST0032,Ayaan Shah,Madurai,Tamil Nadu,South,Standard,Home & Kitchen,Cookware,Non-stick Pan,3,3492.12,0.0,907.95,Cash on Delivery
ORD10894,2025-04-10,CUST0055,Nisha Iyer,Hyderabad,Telangana,South,Standard,Electronics,Accessories,USB-C Hub,1,1473.98,0.1,226.01,Net Banking
ORD10943,2025-04-10,CUST0113,Saanvi Singh,Kolkata,West Bengal,East,Silver,Fashion,Apparel,Denim Jeans,1,1424.63,0.25,-56.99,Credit Card
ORD10250,2025-04-12,CUST0163,Neha Khan,New Delhi,Delhi,North,Standard,Fashion,Apparel,Casual Shirt,1,1290.2,0.0,399.96,UPI
ORD10250,2025-04-12,CUST0163,Neha Khan,New Delhi,Delhi,North,Standard,Fashion,Apparel,Casual Shirt,1,1001.88,0.15,167.37,UPI
ORD10250,2025-04-12,CUST0163,Neha Khan,New Delhi,Delhi,North,Standard,Electronics,Accessories,USB-C Hub,3,3811.63,0.2,123.88,Credit Card
ORD10235,2025-04-13,CUST0221,Meera Kulkarni,Jaipur,Rajasthan,North,Standard,Home & Kitchen,Storage,Storage Organizer,2,1206.79,0.1,278.9,Credit Card
ORD10887,2025-04-14,CUST0005,Rahul Reddy,Hyderabad,Telangana,South,Silver,Sports & Outdoors,Outdoor,Insulated Bottle,3,2336.87,0.0,817.9,Net Banking
ORD10887,2025-04-14,CUST0005,Rahul Reddy,Hyderabad,Telangana,South,Silver,Fashion,Footwear,Everyday Sneakers,2,4743.04,0.0,1043.47,Credit Card
ORD10337,2025-04-16,CUST0175,Krishna Shah,Warangal,Telangana,South,Gold,Electronics,Audio,Wireless Earbuds,1,2242.77,0.0,538.27,Debit Card
ORD10574,2025-04-16,CUST0086,Ayaan Reddy,Surat,Gujarat,West,Silver,Beauty & Personal Care,Haircare,Shampoo Pack,2,634.36,0.2,60.26,Net Banking
ORD10878,2025-04-18,CUST0103,Rahul Das,Noida,Uttar Pradesh,North,Standard,Fashion,Apparel,Denim Jeans,1,1874.21,0.1,287.38,Net Banking
ORD10539,2025-04-19,CUST0128,Neha Iyer,Nagpur,Maharashtra,West,Silver,Electronics,Audio,Wireless Earbuds,1,2160.5,0.05,418.46,Net Banking
ORD10504,2025-04-20,CUST0131,Riya Patel,Kolkata,West Bengal,East,Standard,Home & Kitchen,Lighting,Desk Lamp,1,1178.31,0.0,318.14,Net Banking
ORD10504,2025-04-20,CUST0131,Riya Patel,Kolkata,West Bengal,East,Standard,Sports & Outdoors,Outdoor,Insulated Bottle,1,529.76,0.15,113.43,Debit Card
ORD10171,2025-04-21,CUST0021,Rohan Mehta,Jaipur,Rajasthan,North,Silver,Fashion,Apparel,Casual Shirt,1,952.47,0.1,209.54,Credit Card
ORD10171,2025-04-21,CUST0021,Rohan Mehta,Jaipur,Rajasthan,North,Silver,Fashion,Apparel,Casual Shirt,2,2347.15,0.05,627.55,Net Banking
ORD10399,2025-04-21,CUST0071,Riya Kulkarni,Hyderabad,Telangana,South,Standard,Electronics,Audio,Wireless Earbuds,1,1943.15,0.15,164.6,Debit Card
ORD10277,2025-04-22,CUST0002,Priya Chopra,Vadodara,Gujarat,West,Standard,Home & Kitchen,Cookware,Non-stick Pan,1,1023.25,0.2,46.05,Cash on Delivery
ORD10997,2025-04-22,CUST0114,Sai Verma,Mysuru,Karnataka,South,Gold,Fashion,Apparel,Denim Jeans,1,1417.07,0.2,46.05,UPI
ORD10581,2025-04-23,CUST0056,Krishna Joshi,Jaipur,Rajasthan,North,Standard,Books & Stationery,Stationery,Notebook Set,2,561.99,0.2,123.64,Cash on Delivery
ORD10773,2025-04-23,CUST0247,Vivaan Pillai,Kolkata,West Bengal,East,Standard,Sports & Outdoors,Fitness,Yoga Mat,4,3453.38,0.1,836.49,Credit Card
ORD10864,2025-04-24,CUST0204,Aarav Singh,Pune,Maharashtra,West,Silver,Beauty & Personal Care,Skincare,Face Moisturizer,3,1770.12,0.0,601.84,Net Banking
ORD11056,2025-04-24,CUST0019,Kabir Reddy,Ahmedabad,Gujarat,West,Silver,Electronics,Computing,Wireless Mouse,1,714.7,0.1,133.41,UPI
ORD10093,2025-04-25,CUST0199,Rohan Nair,Kolkata,West Bengal,East,Silver,Fashion,Accessories,Backpack,3,4884.47,0.05,1151.71,Cash on Delivery
ORD10093,2025-04-25,CUST0199,Rohan Nair,Kolkata,West Bengal,East,Silver,Home & Kitchen,Bedding,Cotton Bedsheet,2,3240.94,0.0,939.87,Cash on Delivery
ORD10355,2025-04-25,CUST0092,Krishna Gupta,Hyderabad,Telangana,South,Standard,Sports & Outdoors,Outdoor,Insulated Bottle,3,1667.34,0.1,440.92,Net Banking
ORD10323,2025-04-27,CUST0206,Priya Sharma,Jaipur,Rajasthan,North,Standard,Beauty & Personal Care,Haircare,Shampoo Pack,1,386.63,0.05,99.3,Cash on Delivery
ORD10323,2025-04-27,CUST0206,Priya Sharma,Jaipur,Rajasthan,North,Standard,Electronics,Accessories,Laptop Stand,2,2186.59,0.2,207.73,Cash on Delivery
ORD10397,2025-04-27,CUST0080,Rohan Nair,Siliguri,West Bengal,East,Standard,Home & Kitchen,Lighting,Desk Lamp,2,2224.51,0.0,600.62,Debit Card
ORD10964,2025-04-28,CUST0099,Sai Pillai,Varanasi,Uttar Pradesh,North,Gold,Home & Kitchen,Storage,Storage Organizer,2,1108.74,0.2,133.05,Cash on Delivery
ORD10245,2025-04-30,CUST0139,Saanvi Mehta,Kochi,Kerala,South,Standard,Home & Kitchen,Lighting,Desk Lamp,2,1885.49,0.1,331.01,UPI
ORD10523,2025-04-30,CUST0233,Tanvi Sharma,Nashik,Maharashtra,West,Silver,Sports & Outdoors,Fitness,Yoga Mat,2,1758.21,0.0,580.21,UPI
ORD10856,2025-04-30,CUST0097,Kiara Chopra,Noida,Uttar Pradesh,North,Silver,Electronics,Accessories,USB-C Hub,1,1853.13,0.05,378.43,Credit Card
ORD10856,2025-04-30,CUST0097,Kiara Chopra,Noida,Uttar Pradesh,North,Silver,Fashion,Apparel,Casual Shirt,1,971.87,0.2,104.48,Net Banking
ORD10856,2025-04-30,CUST0097,Kiara Chopra,Noida,Uttar Pradesh,North,Silver,Home & Kitchen,Bedding,Cotton Bedsheet,1,1694.85,0.0,491.51,UPI
ORD10462,2025-05-01,CUST0167,Meera Khan,Warangal,Telangana,South,Silver,Books & Stationery,Stationery,Notebook Set,1,276.89,0.2,60.92,Credit Card
ORD10556,2025-05-01,CUST0211,Aadhya Bose,Thiruvananthapuram,Kerala,South,Standard,Home & Kitchen,Storage,Storage Organizer,1,450.16,0.25,24.01,Debit Card
ORD10721,2025-05-01,CUST0102,Ananya Nair,Warangal,Telangana,South,Standard,Sports & Outdoors,Fitness,Yoga Mat,2,1662.66,0.05,479.55,Cash on Delivery
ORD10063,2025-05-02,CUST0107,Sai Bose,Warangal,Telangana,South,Standard,Home & Kitchen,Lighting,Desk Lamp,2,1982.36,0.05,446.55,UPI
ORD10391,2025-05-02,CUST0089,Ishita Chopra,Siliguri,West Bengal,East,Standard,Electronics,Accessories,Laptop Stand,2,2595.22,0.05,666.56,Net Banking
ORD10570,2025-05-02,CUST0147,Diya Das,Surat,Gujarat,West,Standard,Home & Kitchen,Storage,Storage Organizer,1,616.71,0.05,171.38,Net Banking
ORD10930,2025-05-02,CUST0069,Krishna Sharma,Noida,Uttar Pradesh,North,Gold,Sports & Outdoors,Fitness,Yoga Mat,1,961.47,0.0,317.28,Debit Card
ORD10410,2025-05-03,CUST0172,Ira Das,Bengaluru,Karnataka,South,Standard,Sports & Outdoors,Outdoor,Insulated Bottle,2,1442.4,0.05,446.38,Net Banking
ORD11015,2025-05-03,CUST0076,Ananya Khan,Warangal,Telangana,South,Silver,Home & Kitchen,Storage,Storage Organizer,2,1259.89,0.1,291.17,Cash on Delivery
ORD10191,2025-05-04,CUST0007,Meera Kulkarni,New Delhi,Delhi,North,Silver,Home & Kitchen,Lighting,Desk Lamp,2,1928.21,0.05,434.36,Debit Card
ORD10034,2025-05-05,CUST0250,Kavya Gupta,New Delhi,Delhi,North,Standard,Beauty & Personal Care,Haircare,Shampoo Pack,3,1402.85,0.0,420.85,UPI
ORD10752,2025-05-07,CUST0214,Saanvi Mehta,Siliguri,West Bengal,East,Standard,Fashion,Apparel,Denim Jeans,1,1873.27,0.0,468.32,Cash on Delivery
ORD10316,2025-05-08,CUST0060,Aarav Mehta,Varanasi,Uttar Pradesh,North,Standard,Beauty & Personal Care,Skincare,Face Moisturizer,1,513.26,0.15,103.86,Cash on Delivery
ORD10316,2025-05-08,CUST0060,Aarav Mehta,Varanasi,Uttar Pradesh,North,Standard,Electronics,Accessories,USB-C Hub,1,1819.11,0.05,371.48,UPI
ORD10334,2025-05-08,CUST0240,Meera Iyer,Chennai,Tamil Nadu,South,Silver,Fashion,Accessories,Backpack,1,1437.55,0.25,0.0,Debit Card
ORD10434,2025-05-08,CUST0163,Neha Khan,New Delhi,Delhi,North,Standard,Sports & Outdoors,Fitness,Yoga Mat,3,2463.49,0.1,596.71,Net Banking
ORD10440,2025-05-09,CUST0131,Riya Patel,Kolkata,West Bengal,East,Standard,Home & Kitchen,Cookware,Non-stick Pan,1,1055.79,0.2,47.51,Cash on Delivery
ORD10440,2025-05-09,CUST0131,Riya Patel,Kolkata,West Bengal,East,Standard,Fashion,Apparel,Casual Shirt,2,2614.16,0.0,810.39,Cash on Delivery
ORD10303,2025-05-10,CUST0184,Reyansh Iyer,Lucknow,Uttar Pradesh,North,Silver,Electronics,Accessories,Laptop Stand,1,1127.81,0.1,235.59,Debit Card
ORD10303,2025-05-10,CUST0184,Reyansh Iyer,Lucknow,Uttar Pradesh,North,Silver,Home & Kitchen,Bedding,Cotton Bedsheet,1,1756.57,0.0,509.4,Debit Card
ORD10958,2025-05-10,CUST0078,Aadhya Chopra,Thiruvananthapuram,Kerala,South,Silver,Home & Kitchen,Bedding,Cotton Bedsheet,3,4653.52,0.1,920.36,Net Banking
ORD10958,2025-05-10,CUST0078,Aadhya Chopra,Thiruvananthapuram,Kerala,South,Silver,Electronics,Accessories,USB-C Hub,1,1497.45,0.1,229.61,Credit Card
ORD10958,2025-05-10,CUST0078,Aadhya Chopra,Thiruvananthapuram,Kerala,South,Silver,Home & Kitchen,Storage,Storage Organizer,1,512.77,0.15,91.69,Net Banking
ORD10401,2025-05-11,CUST0225,Nisha Patel,New Delhi,Delhi,North,Standard,Books & Stationery,Stationery,Notebook Set,1,355.85,0.0,142.34,Cash on Delivery
ORD10401,2025-05-11,CUST0225,Nisha Patel,New Delhi,Delhi,North,Standard,Electronics,Audio,Wireless Earbuds,1,1677.6,0.2,33.55,Net Banking
ORD10472,2025-05-11,CUST0009,Riya Nair,Thiruvananthapuram,Kerala,South,Silver,Books & Stationery,Books,Career Guide Book,1,383.72,0.15,95.7,Cash on Delivery
ORD10520,2025-05-12,CUST0092,Krishna Gupta,Hyderabad,Telangana,South,Standard,Electronics,Accessories,USB-C Hub,1,1746.51,0.1,267.8,Debit Card
ORD10194,2025-05-13,CUST0198,Vivaan Khan,Udaipur,Rajasthan,North,Standard,Home & Kitchen,Storage,Storage Organizer,2,1279.4,0.1,295.68,Cash on Delivery
ORD10818,2025-05-14,CUST0036,Saanvi Singh,Vadodara,Gujarat,West,Standard,Fashion,Footwear,Everyday Sneakers,1,2170.17,0.05,374.64,Net Banking
ORD10221,2025-05-15,CUST0063,Reyansh Desai,Nagpur,Maharashtra,West,Silver,Home & Kitchen,Storage,Storage Organizer,4,2368.83,0.1,547.46,Debit Card
ORD10494,2025-05-15,CUST0184,Reyansh Iyer,Lucknow,Uttar Pradesh,North,Silver,Sports & Outdoors,Outdoor,Insulated Bottle,3,1773.28,0.1,468.93,Credit Card
ORD10707,2025-05-15,CUST0243,Kavya Kulkarni,Siliguri,West Bengal,East,Standard,Electronics,Computing,Wireless Mouse,2,1484.84,0.15,195.65,Credit Card
ORD10758,2025-05-15,CUST0131,Riya Patel,Kolkata,West Bengal,East,Standard,Fashion,Apparel,Denim Jeans,2,3560.64,0.15,343.5,Credit Card
ORD11048,2025-05-16,CUST0055,Nisha Iyer,Hyderabad,Telangana,South,Standard,Electronics,Computing,Wireless Mouse,1,760.14,0.1,141.89,Cash on Delivery
ORD10970,2025-05-17,CUST0051,Aarav Pillai,New Delhi,Delhi,North,Silver,Fashion,Apparel,Casual Shirt,1,1003.86,0.15,167.7,Cash on Delivery
ORD10190,2025-05-19,CUST0208,Pari Shah,Udaipur,Rajasthan,North,Standard,Home & Kitchen,Storage,Storage Organizer,1,608.29,0.0,194.65,Credit Card
ORD10810,2025-05-19,CUST0141,Pari Mehta,Thiruvananthapuram,Kerala,South,Standard,Electronics,Audio,Wireless Earbuds,4,7936.5,0.1,1128.75,Credit Card
ORD10810,2025-05-19,CUST0141,Pari Mehta,Thiruvananthapuram,Kerala,South,Standard,Sports & Outdoors,Outdoor,Insulated Bottle,1,620.24,0.15,132.81,Cash on Delivery
ORD10172,2025-05-20,CUST0098,Krishna Das,Kolkata,West Bengal,East,Standard,Home & Kitchen,Lighting,Desk Lamp,2,2120.65,0.1,372.29,Credit Card
ORD10172,2025-05-20,CUST0098,Krishna Das,Kolkata,West Bengal,East,Standard,Electronics,Audio,Wireless Earbuds,3,6665.81,0.0,1599.79,UPI
ORD10172,2025-05-20,CUST0098,Krishna Das,Kolkata,West Bengal,East,Standard,Fashion,Accessories,Backpack,1,1612.1,0.15,212.42,Debit Card
ORD10637,2025-05-20,CUST0235,Kavya Bose,New Delhi,Delhi,North,Standard,Home & Kitchen,Lighting,Desk Lamp,2,1594.08,0.25,-21.25,Debit Card
ORD10682,2025-05-20,CUST0061,Vivaan Singh,Mangaluru,Karnataka,South,Standard,Electronics,Accessories,Laptop Stand,1,1175.63,0.2,111.69,Credit Card
ORD10682,2025-05-20,CUST0061,Vivaan Singh,Mangaluru,Karnataka,South,Standard,Electronics,Audio,Wireless Earbuds,1,1823.36,0.15,154.45,Debit Card
ORD10682,2025-05-20,CUST0061,Vivaan Singh,Mangaluru,Karnataka,South,Standard,Books & Stationery,Books,Career Guide Book,1,448.57,0.1,133.57,Cash on Delivery
ORD10919,2025-05-20,CUST0193,Myra Mehta,Nagpur,Maharashtra,West,Standard,Beauty & Personal Care,Skincare,Face Moisturizer,1,411.84,0.25,32.95,UPI
ORD10600,2025-05-21,CUST0206,Priya Sharma,Jaipur,Rajasthan,North,Standard,Home & Kitchen,Lighting,Desk Lamp,1,939.58,0.2,54.03,Debit Card
ORD10853,2025-05-21,CUST0094,Saanvi Gupta,Surat,Gujarat,West,Standard,Beauty & Personal Care,Haircare,Shampoo Pack,2,690.36,0.1,144.21,Credit Card
ORD10999,2025-05-21,CUST0066,Kavya Desai,New Delhi,Delhi,North,Standard,Home & Kitchen,Storage,Storage Organizer,1,521.76,0.1,120.58,UPI
ORD10197,2025-05-23,CUST0029,Reyansh Chopra,Udaipur,Rajasthan,North,Silver,Electronics,Computing,Wireless Mouse,1,586.69,0.25,0.0,UPI
ORD10872,2025-05-24,CUST0160,Dev Iyer,Warangal,Telangana,South,Standard,Electronics,Audio,Wireless Earbuds,1,1779.91,0.2,35.6,UPI
ORD10045,2025-05-25,CUST0190,Ishita Singh,Thiruvananthapuram,Kerala,South,Standard,Sports & Outdoors,Fitness,Yoga Mat,1,799.22,0.05,230.51,Net Banking
ORD10045,2025-05-25,CUST0190,Ishita Singh,Thiruvananthapuram,Kerala,South,Standard,Books & Stationery,Books,Career Guide Book,1,489.6,0.0,186.05,UPI
ORD10045,2025-05-25,CUST0190,Ishita Singh,Thiruvananthapuram,Kerala,South,Standard,Electronics,Accessories,Laptop Stand,1,1363.68,0.1,284.86,Net Banking
ORD10421,2025-05-25,CUST0119,Ira Nair,Hyderabad,Telangana,South,Standard,Electronics,Audio,Wireless Earbuds,2,3690.92,0.1,524.93,Net Banking
ORD10014,2025-05-26,CUST0019,Kabir Reddy,Ahmedabad,Gujarat,West,Silver,Electronics,Audio,Wireless Earbuds,2,4167.7,0.1,592.74,Debit Card
ORD10502,2025-05-26,CUST0152,Reyansh Kulkarni,Kolkata,West Bengal,East,Standard,Electronics,Computing,Wireless Mouse,2,1392.24,0.15,183.45,UPI
ORD10529,2025-05-26,CUST0107,Sai Bose,Warangal,Telangana,South,Standard,Sports & Outdoors,Fitness,Yoga Mat,3,3171.58,0.0,1046.62,Cash on Delivery
ORD10529,2025-05-26,CUST0107,Sai Bose,Warangal,Telangana,South,Standard,Books & Stationery,Books,Career Guide Book,1,405.45,0.15,101.12,Debit Card
ORD10049,2025-05-27,CUST0131,Riya Patel,Kolkata,West Bengal,East,Standard,Electronics,Accessories,Laptop Stand,1,1321.62,0.05,339.45,Net Banking
ORD10976,2025-05-27,CUST0233,Tanvi Sharma,Nashik,Maharashtra,West,Silver,Electronics,Accessories,Laptop Stand,2,2284.5,0.2,217.03,Debit Card
ORD10713,2025-05-28,CUST0077,Rohan Khan,Coimbatore,Tamil Nadu,South,Silver,Electronics,Computing,Wireless Mouse,2,1228.92,0.2,86.02,UPI
ORD10576,2025-05-29,CUST0089,Ishita Chopra,Siliguri,West Bengal,East,Standard,Fashion,Accessories,Backpack,1,1849.8,0.05,436.16,Credit Card
ORD10576,2025-05-29,CUST0089,Ishita Chopra,Siliguri,West Bengal,East,Standard,Sports & Outdoors,Outdoor,Insulated Bottle,2,942.98,0.25,88.01,Cash on Delivery
ORD10329,2025-05-30,CUST0144,Ishita Mishra,Madurai,Tamil Nadu,South,Standard,Electronics,Accessories,USB-C Hub,2,2943.72,0.25,-117.75,Cash on Delivery
ORD10927,2025-05-31,CUST0166,Dev Iyer,Mysuru,Karnataka,South,Standard,Home & Kitchen,Cookware,Non-stick Pan,1,1322.89,0.05,284.07,Cash on Delivery
ORD10652,2025-06-01,CUST0181,Kabir Nair,New Delhi,Delhi,North,Silver,Electronics,Accessories,Laptop Stand,3,3997.18,0.05,1026.64,UPI
ORD10051,2025-06-03,CUST0151,Reyansh Verma,Lucknow,Uttar Pradesh,North,Standard,Books & Stationery,Stationery,Notebook Set,1,286.26,0.1,91.6,UPI
ORD10051,2025-06-03,CUST0151,Reyansh Verma,Lucknow,Uttar Pradesh,North,Standard,Fashion,Apparel,Denim Jeans,1,1861.94,0.0,465.49,Debit Card
ORD10032,2025-06-04,CUST0198,Vivaan Khan,Udaipur,Rajasthan,North,Standard,Home & Kitchen,Lighting,Desk Lamp,2,2196.84,0.0,593.15,Debit Card
ORD10261,2025-06-04,CUST0161,Pari Gupta,New Delhi,Delhi,North,Silver,Sports & Outdoors,Fitness,Yoga Mat,4,3223.82,0.05,929.82,Credit Card
ORD10076,2025-06-06,CUST0027,Priya Rao,Ahmedabad,Gujarat,West,Silver,Electronics,Accessories,Laptop Stand,1,1246.94,0.1,260.47,UPI
ORD10301,2025-06-06,CUST0120,Neha Rao,Kolkata,West Bengal,East,Silver,Fashion,Apparel,Denim Jeans,1,1749.88,0.15,168.81,Cash on Delivery
ORD10312,2025-06-07,CUST0158,Dev Sharma,Kochi,Kerala,South,Standard,Fashion,Accessories,Backpack,3,4236.07,0.1,790.73,Net Banking
ORD10335,2025-06-07,CUST0127,Neha Chopra,Hyderabad,Telangana,South,Standard,Home & Kitchen,Bedding,Cotton Bedsheet,2,3219.76,0.0,933.73,Net Banking
ORD10385,2025-06-07,CUST0229,Aadhya Bose,Pune,Maharashtra,West,Standard,Home & Kitchen,Cookware,Non-stick Pan,1,1032.15,0.1,169.73,Debit Card
ORD10911,2025-06-07,CUST0220,Vihaan Kulkarni,Udaipur,Rajasthan,North,Standard,Beauty & Personal Care,Haircare,Shampoo Pack,1,369.43,0.15,57.37,Cash on Delivery
ORD10309,2025-06-08,CUST0038,Reyansh Nair,Ahmedabad,Gujarat,West,Standard,Home & Kitchen,Cookware,Non-stick Pan,1,1096.31,0.05,235.42,Net Banking
ORD10223,2025-06-09,CUST0164,Vivaan Iyer,Mysuru,Karnataka,South,Standard,Electronics,Audio,Wireless Earbuds,1,2027.45,0.0,486.59,UPI
ORD10619,2025-06-09,CUST0027,Priya Rao,Ahmedabad,Gujarat,West,Silver,Sports & Outdoors,Fitness,Yoga Mat,2,1797.68,0.1,435.44,Net Banking
ORD10302,2025-06-10,CUST0172,Ira Das,Bengaluru,Karnataka,South,Standard,Home & Kitchen,Storage,Storage Organizer,1,539.89,0.2,64.79,Credit Card
ORD10050,2025-06-11,CUST0041,Saanvi Rao,Chennai,Tamil Nadu,South,Standard,Fashion,Accessories,Backpack,1,1387.89,0.25,0.0,Debit Card
ORD11097,2025-06-11,CUST0066,Kavya Desai,New Delhi,Delhi,North,Standard,Sports & Outdoors,Fitness,Yoga Mat,1,760.58,0.1,184.23,Net Banking
ORD11097,2025-06-11,CUST0066,Kavya Desai,New Delhi,Delhi,North,Standard,Sports & Outdoors,Fitness,Yoga Mat,1,794.0,0.2,105.2,Debit Card
ORD10379,2025-06-15,CUST0236,Saanvi Mehta,New Delhi,Delhi,North,Standard,Home & Kitchen,Bedding,Cotton Bedsheet,2,3220.12,0.0,933.83,Credit Card
ORD10797,2025-06-15,CUST0015,Tanvi Mishra,Ahmedabad,Gujarat,West,Gold,Fashion,Apparel,Casual Shirt,2,2199.95,0.1,483.99,Debit Card
ORD10797,2025-06-15,CUST0015,Tanvi Mishra,Ahmedabad,Gujarat,West,Gold,Books & Stationery,Books,Career Guide Book,3,1107.52,0.25,147.67,Cash on Delivery
ORD10567,2025-06-16,CUST0167,Meera Khan,Warangal,Telangana,South,Silver,Sports & Outdoors,Fitness,Yoga Mat,1,805.61,0.15,153.54,Debit Card
ORD10567,2025-06-16,CUST0167,Meera Khan,Warangal,Telangana,South,Silver,Books & Stationery,Stationery,Notebook Set,1,258.86,0.2,56.95,UPI
ORD10689,2025-06-16,CUST0205,Sai Kulkarni,New Delhi,Delhi,North,Standard,Electronics,Computing,Wireless Mouse,2,1626.98,0.1,303.7,Net Banking
ORD10689,2025-06-16,CUST0205,Sai Kulkarni,New Delhi,Delhi,North,Standard,Electronics,Accessories,USB-C Hub,1,1598.4,0.0,399.6,Debit Card
ORD11006,2025-06-16,CUST0166,Dev Iyer,Mysuru,Karnataka,South,Standard,Fashion,Footwear,Everyday Sneakers,1,2373.1,0.1,284.77,Debit Card
ORD10279,2025-06-17,CUST0240,Meera Iyer,Chennai,Tamil Nadu,South,Silver,Books & Stationery,Books,Career Guide Book,1,421.99,0.1,125.66,Debit Card
ORD11023,2025-06-17,CUST0183,Priya Iyer,Thiruvananthapuram,Kerala,South,Standard,Sports & Outdoors,Fitness,Yoga Mat,1,997.04,0.0,329.02,UPI
ORD10165,2025-06-19,CUST0239,Priya Iyer,New Delhi,Delhi,North,Standard,Fashion,Footwear,Everyday Sneakers,1,2561.93,0.0,563.62,Debit Card
ORD10684,2025-06-19,CUST0212,Vihaan Mehta,Thiruvananthapuram,Kerala,South,Silver,Fashion,Footwear,Everyday Sneakers,1,2280.86,0.15,139.53,Cash on Delivery
ORD10684,2025-06-19,CUST0212,Vihaan Mehta,Thiruvananthapuram,Kerala,South,Silver,Fashion,Footwear,Everyday Sneakers,2,3381.0,0.2,-16.91,Net Banking
ORD10883,2025-06-21,CUST0216,Vihaan Singh,Surat,Gujarat,West,Silver,Fashion,Footwear,Everyday Sneakers,1,2627.49,0.0,578.05,Net Banking
ORD10016,2025-06-22,CUST0020,Aadhya Bose,Surat,Gujarat,West,Gold,Books & Stationery,Books,Career Guide Book,2,905.46,0.05,308.81,Net Banking
ORD10376,2025-06-22,CUST0166,Dev Iyer,Mysuru,Karnataka,South,Standard,Fashion,Footwear,Everyday Sneakers,1,2525.48,0.0,555.61,UPI
ORD11066,2025-06-22,CUST0115,Pari Das,Udaipur,Rajasthan,North,Silver,Fashion,Apparel,Casual Shirt,1,1055.8,0.2,113.5,Cash on Delivery
ORD10468,2025-06-23,CUST0182,Vihaan Patel,Mangaluru,Karnataka,South,Standard,Fashion,Footwear,Everyday Sneakers,1,2624.59,0.0,577.41,UPI
ORD10468,2025-06-23,CUST0182,Vihaan Patel,Mangaluru,Karnataka,South,Standard,Home & Kitchen,Bedding,Cotton Bedsheet,1,1510.28,0.15,216.77,UPI
ORD10468,2025-06-23,CUST0182,Vihaan Patel,Mangaluru,Karnataka,South,Standard,Books & Stationery,Stationery,Notebook Set,2,542.74,0.05,196.53,Debit Card
ORD10951,2025-06-23,CUST0027,Priya Rao,Ahmedabad,Gujarat,West,Silver,Fashion,Accessories,Backpack,1,1436.65,0.15,189.3,Debit Card
ORD11041,2025-06-23,CUST0187,Rahul Desai,Ahmedabad,Gujarat,West,Silver,Beauty & Personal Care,Skincare,Face Moisturizer,2,1042.74,0.0,354.53,UPI
ORD10099,2025-06-26,CUST0004,Kabir Chopra,Madurai,Tamil Nadu,South,Standard,Books & Stationery,Stationery,Notebook Set,4,1376.2,0.0,550.48,Net Banking
ORD10099,2025-06-26,CUST0004,Kabir Chopra,Madurai,Tamil Nadu,South,Standard,Home & Kitchen,Storage,Storage Organizer,1,595.23,0.0,190.47,Credit Card
ORD10173,2025-06-26,CUST0029,Reyansh Chopra,Udaipur,Rajasthan,North,Silver,Beauty & Personal Care,Haircare,Shampoo Pack,1,470.09,0.0,141.03,Debit Card
ORD10173,2025-06-26,CUST0029,Reyansh Chopra,Udaipur,Rajasthan,North,Silver,Electronics,Computing,Wireless Mouse,1,920.48,0.0,257.74,Net Banking
ORD10173,2025-06-26,CUST0029,Reyansh Chopra,Udaipur,Rajasthan,North,Silver,Fashion,Apparel,Denim Jeans,1,1646.31,0.15,158.82,Cash on Delivery
ORD10372,2025-06-27,CUST0044,Reyansh Patel,Coimbatore,Tamil Nadu,South,Standard,Fashion,Apparel,Casual Shirt,3,3204.29,0.1,704.94,Cash on Delivery
ORD10477,2025-06-29,CUST0186,Priya Gupta,Siliguri,West Bengal,East,Silver,Beauty & Personal Care,Skincare,Face Moisturizer,1,598.88,0.0,203.62,UPI
ORD10092,2025-06-30,CUST0100,Tanvi Khan,Jaipur,Rajasthan,North,Standard,Fashion,Apparel,Casual Shirt,1,1079.29,0.1,237.44,UPI
ORD10238,2025-06-30,CUST0002,Priya Chopra,Vadodara,Gujarat,West,Standard,Fashion,Apparel,Denim Jeans,4,6454.79,0.2,209.78,Cash on Delivery
ORD10289,2025-06-30,CUST0122,Myra Chopra,Thiruvananthapuram,Kerala,South,Standard,Beauty & Personal Care,Skincare,Face Moisturizer,2,836.7,0.2,121.32,Credit Card
ORD10382,2025-06-30,CUST0166,Dev Iyer,Mysuru,Karnataka,South,Standard,Sports & Outdoors,Fitness,Yoga Mat,3,2307.4,0.2,305.73,Debit Card
ORD10382,2025-06-30,CUST0166,Dev Iyer,Mysuru,Karnataka,South,Standard,Fashion,Apparel,Denim Jeans,1,1843.85,0.1,282.72,Debit Card
ORD10382,2025-06-30,CUST0166,Dev Iyer,Mysuru,Karnataka,South,Standard,Home & Kitchen,Bedding,Cotton Bedsheet,2,3404.06,0.0,987.18,Debit Card
ORD10918,2025-06-30,CUST0011,Sai Singh,Siliguri,West Bengal,East,Standard,Electronics,Accessories,Laptop Stand,1,1389.88,0.0,416.97,Net Banking
ORD10918,2025-06-30,CUST0011,Sai Singh,Siliguri,West Bengal,East,Standard,Fashion,Apparel,Casual Shirt,1,995.6,0.15,166.32,Cash on Delivery
ORD11100,2025-07-01,CUST0047,Rohan Desai,Kochi,Kerala,South,Standard,Home & Kitchen,Cookware,Non-stick Pan,2,2128.34,0.1,349.99,Net Banking
ORD10489,2025-07-02,CUST0035,Ayaan Rao,Thiruvananthapuram,Kerala,South,Silver,Fashion,Apparel,Denim Jeans,1,1612.31,0.05,329.25,UPI
ORD10489,2025-07-02,CUST0035,Ayaan Rao,Thiruvananthapuram,Kerala,South,Silver,Fashion,Apparel,Denim Jeans,2,2563.03,0.25,-102.52,Net Banking
ORD11039,2025-07-02,CUST0055,Nisha Iyer,Hyderabad,Telangana,South,Standard,Home & Kitchen,Storage,Storage Organizer,3,1949.34,0.05,541.71,Debit Card
ORD10130,2025-07-03,CUST0148,Saanvi Rao,Mysuru,Karnataka,South,Standard,Fashion,Accessories,Backpack,1,1821.69,0.0,510.07,Net Banking
ORD10819,2025-07-03,CUST0221,Meera Kulkarni,Jaipur,Rajasthan,North,Standard,Electronics,Accessories,USB-C Hub,4,6030.93,0.15,581.81,Credit Card
ORD10819,2025-07-03,CUST0221,Meera Kulkarni,Jaipur,Rajasthan,North,Standard,Fashion,Apparel,Denim Jeans,2,4149.82,0.0,1037.46,Credit Card
ORD10087,2025-07-04,CUST0049,Tanvi Kulkarni,Thiruvananthapuram,Kerala,South,Standard,Home & Kitchen,Bedding,Cotton Bedsheet,1,1459.81,0.15,209.53,UPI
ORD10674,2025-07-04,CUST0195,Riya Iyer,Udaipur,Rajasthan,North,Gold,Books & Stationery,Stationery,Notebook Set,1,317.29,0.0,126.91,Cash on Delivery
ORD10674,2025-07-04,CUST0195,Riya Iyer,Udaipur,Rajasthan,North,Gold,Fashion,Apparel,Casual Shirt,2,2146.66,0.0,665.46,Net Banking
ORD10674,2025-07-04,CUST0195,Riya Iyer,Udaipur,Rajasthan,North,Gold,Fashion,Footwear,Everyday Sneakers,2,3729.55,0.2,-18.65,Debit Card
ORD10282,2025-07-07,CUST0102,Ananya Nair,Warangal,Telangana,South,Standard,Electronics,Audio,Wireless Earbuds,3,5441.64,0.15,460.94,Cash on Delivery
ORD10282,2025-07-07,CUST0102,Ananya Nair,Warangal,Telangana,South,Standard,Sports & Outdoors,Fitness,Yoga Mat,1,935.32,0.05,269.77,Debit Card
ORD10336,2025-07-07,CUST0124,Reyansh Gupta,Vadodara,Gujarat,West,Standard,Fashion,Apparel,Denim Jeans,1,1488.95,0.15,143.64,UPI
ORD10741,2025-07-08,CUST0055,Nisha Iyer,Hyderabad,Telangana,South,Standard,Beauty & Personal Care,Haircare,Shampoo Pack,1,405.54,0.0,121.66,Credit Card
ORD10406,2025-07-09,CUST0087,Kiara Desai,Kolkata,West Bengal,East,Gold,Home & Kitchen,Cookware,Non-stick Pan,2,1973.18,0.15,213.57,Credit Card
ORD10020,2025-07-10,CUST0248,Ira Reddy,New Delhi,Delhi,North,Standard,Electronics,Accessories,Laptop Stand,2,2703.89,0.0,811.17,UPI
ORD10317,2025-07-10,CUST0074,Diya Das,Jaipur,Rajasthan,North,Standard,Home & Kitchen,Lighting,Desk Lamp,1,824.4,0.15,98.93,Cash on Delivery
ORD10714,2025-07-13,CUST0096,Myra Shah,Thiruvananthapuram,Kerala,South,Gold,Home & Kitchen,Lighting,Desk Lamp,2,2213.0,0.05,498.51,Debit Card
ORD10580,2025-07-14,CUST0118,Diya Kulkarni,Kolkata,West Bengal,East,Standard,Electronics,Audio,Wireless Earbuds,2,3662.09,0.1,520.83,Net Banking
ORD10595,2025-07-14,CUST0110,Neha Joshi,Chennai,Tamil Nadu,South,Silver,Sports & Outdoors,Fitness,Yoga Mat,2,1669.8,0.15,318.24,Credit Card
ORD10595,2025-07-14,CUST0110,Neha Joshi,Chennai,Tamil Nadu,South,Silver,Sports & Outdoors,Fitness,Yoga Mat,2,1854.7,0.0,612.05,Debit Card
ORD10352,2025-07-15,CUST0233,Tanvi Sharma,Nashik,Maharashtra,West,Silver,Books & Stationery,Stationery,Notebook Set,1,297.06,0.1,95.06,Cash on Delivery
ORD10293,2025-07-16,CUST0119,Ira Nair,Hyderabad,Telangana,South,Standard,Electronics,Computing,Wireless Mouse,1,866.44,0.0,242.6,Debit Card
ORD10327,2025-07-16,CUST0229,Aadhya Bose,Pune,Maharashtra,West,Standard,Books & Stationery,Stationery,Notebook Set,3,1013.4,0.05,366.96,Debit Card
ORD10854,2025-07-16,CUST0100,Tanvi Khan,Jaipur,Rajasthan,North,Standard,Books & Stationery,Stationery,Notebook Set,1,269.35,0.1,86.19,UPI
ORD11088,2025-07-17,CUST0028,Arjun Rao,Jaipur,Rajasthan,North,Gold,Home & Kitchen,Lighting,Desk Lamp,3,3028.06,0.15,363.37,Credit Card
ORD10531,2025-07-18,CUST0040,Vivaan Chopra,Jaipur,Rajasthan,North,Silver,Electronics,Audio,Wireless Earbuds,1,1737.18,0.2,34.74,UPI
ORD10979,2025-07-18,CUST0232,Aditya Khan,Udaipur,Rajasthan,North,Silver,Home & Kitchen,Cookware,Non-stick Pan,1,1110.68,0.0,288.78,Cash on Delivery
ORD10731,2025-07-20,CUST0108,Ishaan Mehta,Ahmedabad,Gujarat,West,Standard,Fashion,Apparel,Denim Jeans,1,2021.54,0.0,505.39,Debit Card
ORD10989,2025-07-20,CUST0080,Rohan Nair,Siliguri,West Bengal,East,Standard,Fashion,Apparel,Denim Jeans,2,2870.2,0.15,276.89,Credit Card
ORD11012,2025-07-21,CUST0109,Aadhya Nair,Thiruvananthapuram,Kerala,South,Standard,Sports & Outdoors,Outdoor,Insulated Bottle,2,1243.45,0.0,435.21,Net Banking
ORD10180,2025-07-23,CUST0212,Vihaan Mehta,Thiruvananthapuram,Kerala,South,Silver,Home & Kitchen,Bedding,Cotton Bedsheet,1,1712.82,0.0,496.72,UPI
ORD10180,2025-07-23,CUST0212,Vihaan Mehta,Thiruvananthapuram,Kerala,South,Silver,Electronics,Audio,Wireless Earbuds,1,1745.36,0.15,147.84,Credit Card
ORD10231,2025-07-25,CUST0209,Rohan Mehta,Noida,Uttar Pradesh,North,Standard,Electronics,Accessories,USB-C Hub,1,1612.69,0.15,155.58,Cash on Delivery
ORD10257,2025-07-25,CUST0041,Saanvi Rao,Chennai,Tamil Nadu,South,Standard,Electronics,Accessories,Laptop Stand,1,1121.5,0.2,106.54,Net Banking
ORD10257,2025-07-25,CUST0041,Saanvi Rao,Chennai,Tamil Nadu,South,Standard,Sports & Outdoors,Outdoor,Insulated Bottle,3,2095.79,0.0,733.53,Credit Card
ORD10718,2025-07-25,CUST0116,Ishita Sharma,New Delhi,Delhi,North,Standard,Home & Kitchen,Cookware,Non-stick Pan,2,2766.01,0.0,719.16,UPI
ORD10547,2025-07-26,CUST0198,Vivaan Khan,Udaipur,Rajasthan,North,Standard,Books & Stationery,Books,Career Guide Book,3,1283.42,0.15,320.1,UPI
ORD10605,2025-07-26,CUST0037,Vivaan Khan,Mumbai,Maharashtra,West,Silver,Home & Kitchen,Storage,Storage Organizer,1,645.42,0.1,149.16,Net Banking
ORD10831,2025-07-27,CUST0220,Vihaan Kulkarni,Udaipur,Rajasthan,North,Standard,Fashion,Apparel,Denim Jeans,1,1774.25,0.15,171.16,UPI
ORD10831,2025-07-27,CUST0220,Vihaan Kulkarni,Udaipur,Rajasthan,North,Standard,Sports & Outdoors,Outdoor,Insulated Bottle,1,560.52,0.2,88.28,UPI
ORD10831,2025-07-27,CUST0220,Vihaan Kulkarni,Udaipur,Rajasthan,North,Standard,Home & Kitchen,Storage,Storage Organizer,2,1006.59,0.15,180.0,UPI
ORD10056,2025-07-28,CUST0133,Rahul Verma,Kochi,Kerala,South,Standard,Sports & Outdoors,Outdoor,Insulated Bottle,2,1225.68,0.05,379.32,Cash on Delivery
ORD10273,2025-07-28,CUST0185,Ishita Reddy,New Delhi,Delhi,North,Standard,Books & Stationery,Books,Career Guide Book,2,774.41,0.15,193.15,UPI
ORD10281,2025-07-28,CUST0122,Myra Chopra,Thiruvananthapuram,Kerala,South,Standard,Electronics,Audio,Wireless Earbuds,1,1959.76,0.05,379.57,Cash on Delivery
ORD10281,2025-07-28,CUST0122,Myra Chopra,Thiruvananthapuram,Kerala,South,Standard,Home & Kitchen,Bedding,Cotton Bedsheet,4,5206.22,0.15,747.25,UPI
ORD10947,2025-07-28,CUST0167,Meera Khan,Warangal,Telangana,South,Silver,Electronics,Computing,Wireless Mouse,2,1795.09,0.0,502.62,Net Banking
ORD11058,2025-07-28,CUST0233,Tanvi Sharma,Nashik,Maharashtra,West,Silver,Home & Kitchen,Lighting,Desk Lamp,1,1160.89,0.0,313.44,Debit Card
ORD11073,2025-07-28,CUST0081,Aditya Joshi,Mangaluru,Karnataka,South,Standard,Fashion,Accessories,Backpack,1,1260.93,0.2,88.26,Net Banking
ORD10639,2025-07-29,CUST0059,Kabir Kulkarni,New Delhi,Delhi,North,Standard,Fashion,Footwear,Everyday Sneakers,4,8687.54,0.15,531.47,Cash on Delivery
ORD10777,2025-07-29,CUST0165,Vihaan Verma,Surat,Gujarat,West,Gold,Beauty & Personal Care,Haircare,Shampoo Pack,2,762.52,0.0,228.76,UPI
ORD10777,2025-07-29,CUST0165,Vihaan Verma,Surat,Gujarat,West,Gold,Electronics,Accessories,USB-C Hub,1,1690.54,0.15,163.09,UPI
ORD10777,2025-07-29,CUST0165,Vihaan Verma,Surat,Gujarat,West,Gold,Fashion,Apparel,Denim Jeans,1,1753.1,0.05,358.0,UPI
ORD11050,2025-07-29,CUST0173,Aditya Bose,Bengaluru,Karnataka,South,Gold,Books & Stationery,Stationery,Notebook Set,1,224.78,0.25,35.96,Net Banking
ORD11050,2025-07-29,CUST0173,Aditya Bose,Bengaluru,Karnataka,South,Gold,Sports & Outdoors,Outdoor,Insulated Bottle,1,626.23,0.2,98.63,UPI
ORD10103,2025-07-31,CUST0223,Arjun Shah,Lucknow,Uttar Pradesh,North,Standard,Home & Kitchen,Storage,Storage Organizer,3,2057.67,0.05,571.82,Cash on Delivery
ORD10310,2025-07-31,CUST0152,Reyansh Kulkarni,Kolkata,West Bengal,East,Standard,Fashion,Apparel,Casual Shirt,3,3692.04,0.0,1144.53,Net Banking
ORD10802,2025-07-31,CUST0178,Vihaan Desai,Noida,Uttar Pradesh,North,Standard,Books & Stationery,Books,Career Guide Book,2,792.15,0.1,235.88,Net Banking
ORD11059,2025-07-31,CUST0047,Rohan Desai,Kochi,Kerala,South,Standard,Books & Stationery,Books,Career Guide Book,2,782.74,0.15,195.22,Cash on Delivery
ORD10525,2025-08-03,CUST0118,Diya Kulkarni,Kolkata,West Bengal,East,Standard,Fashion,Apparel,Casual Shirt,1,1135.69,0.05,303.65,Debit Card
ORD10068,2025-08-04,CUST0197,Dev Singh,Kolkata,West Bengal,East,Standard,Home & Kitchen,Lighting,Desk Lamp,1,963.86,0.2,55.42,Net Banking
ORD10914,2025-08-04,CUST0056,Krishna Joshi,Jaipur,Rajasthan,North,Standard,Home & Kitchen,Bedding,Cotton Bedsheet,2,3114.27,0.05,767.1,Cash on Delivery
ORD10914,2025-08-04,CUST0056,Krishna Joshi,Jaipur,Rajasthan,North,Standard,Home & Kitchen,Lighting,Desk Lamp,1,1072.06,0.05,241.5,UPI
ORD10159,2025-08-05,CUST0037,Vivaan Khan,Mumbai,Maharashtra,West,Silver,Books & Stationery,Stationery,Notebook Set,2,603.33,0.15,164.67,UPI
ORD10744,2025-08-05,CUST0178,Vihaan Desai,Noida,Uttar Pradesh,North,Standard,Electronics,Accessories,USB-C Hub,2,2827.21,0.25,-113.09,Credit Card
ORD10588,2025-08-07,CUST0062,Ishaan Singh,Bengaluru,Karnataka,South,Gold,Electronics,Accessories,USB-C Hub,2,3390.24,0.15,327.06,Cash on Delivery
ORD10588,2025-08-07,CUST0062,Ishaan Singh,Bengaluru,Karnataka,South,Gold,Fashion,Footwear,Everyday Sneakers,1,2457.5,0.0,540.65,Debit Card
ORD10210,2025-08-08,CUST0224,Pari Gupta,Noida,Uttar Pradesh,North,Standard,Home & Kitchen,Cookware,Non-stick Pan,1,979.08,0.15,105.97,Credit Card
ORD10413,2025-08-08,CUST0104,Diya Desai,Mumbai,Maharashtra,West,Silver,Books & Stationery,Books,Career Guide Book,2,725.62,0.15,180.98,UPI
ORD10259,2025-08-09,CUST0119,Ira Nair,Hyderabad,Telangana,South,Standard,Sports & Outdoors,Outdoor,Insulated Bottle,1,699.56,0.0,244.85,UPI
ORD10762,2025-08-09,CUST0031,Ayaan Sharma,Ahmedabad,Gujarat,West,Standard,Fashion,Apparel,Denim Jeans,3,5037.5,0.05,1028.71,Net Banking
ORD10762,2025-08-09,CUST0031,Ayaan Sharma,Ahmedabad,Gujarat,West,Standard,Fashion,Apparel,Casual Shirt,1,1197.62,0.0,371.26,UPI
ORD10791,2025-08-09,CUST0150,Ishita Shah,Varanasi,Uttar Pradesh,North,Silver,Electronics,Accessories,USB-C Hub,2,3586.34,0.0,896.59,Net Banking
ORD10512,2025-08-10,CUST0236,Saanvi Mehta,New Delhi,Delhi,North,Standard,Beauty & Personal Care,Haircare,Shampoo Pack,4,1668.17,0.0,500.45,Cash on Delivery
ORD10512,2025-08-10,CUST0236,Saanvi Mehta,New Delhi,Delhi,North,Standard,Electronics,Accessories,Laptop Stand,1,1428.86,0.05,366.99,UPI
ORD10530,2025-08-10,CUST0243,Kavya Kulkarni,Siliguri,West Bengal,East,Standard,Sports & Outdoors,Fitness,Yoga Mat,1,945.21,0.0,311.92,UPI
ORD10340,2025-08-12,CUST0037,Vivaan Khan,Mumbai,Maharashtra,West,Silver,Electronics,Accessories,USB-C Hub,2,3100.64,0.15,299.12,Net Banking
ORD10542,2025-08-12,CUST0099,Sai Pillai,Varanasi,Uttar Pradesh,North,Gold,Fashion,Footwear,Everyday Sneakers,1,2296.14,0.0,505.15,Credit Card
ORD11011,2025-08-12,CUST0247,Vivaan Pillai,Kolkata,West Bengal,East,Standard,Home & Kitchen,Lighting,Desk Lamp,3,2333.03,0.2,134.15,UPI
ORD11083,2025-08-12,CUST0118,Diya Kulkarni,Kolkata,West Bengal,East,Standard,Beauty & Personal Care,Skincare,Face Moisturizer,1,579.49,0.0,197.02,Cash on Delivery
ORD10200,2025-08-14,CUST0197,Dev Singh,Kolkata,West Bengal,East,Standard,Home & Kitchen,Bedding,Cotton Bedsheet,1,1732.77,0.0,502.5,Debit Card
ORD10321,2025-08-14,CUST0248,Ira Reddy,New Delhi,Delhi,North,Standard,Beauty & Personal Care,Skincare,Face Moisturizer,2,913.64,0.2,132.48,Credit Card
ORD10466,2025-08-14,CUST0153,Vihaan Shah,Siliguri,West Bengal,East,Gold,Home & Kitchen,Bedding,Cotton Bedsheet,2,3351.22,0.05,825.46,Cash on Delivery
ORD10511,2025-08-14,CUST0225,Nisha Patel,New Delhi,Delhi,North,Standard,Home & Kitchen,Bedding,Cotton Bedsheet,1,1276.69,0.2,105.33,Credit Card
ORD10511,2025-08-14,CUST0225,Nisha Patel,New Delhi,Delhi,North,Standard,Sports & Outdoors,Outdoor,Insulated Bottle,3,2105.13,0.05,651.48,Credit Card
ORD10511,2025-08-14,CUST0225,Nisha Patel,New Delhi,Delhi,North,Standard,Home & Kitchen,Bedding,Cotton Bedsheet,1,1575.41,0.1,311.58,Cash on Delivery
ORD10898,2025-08-14,CUST0206,Priya Sharma,Jaipur,Rajasthan,North,Standard,Beauty & Personal Care,Skincare,Face Moisturizer,4,2413.4,0.0,820.56,Cash on Delivery
ORD10299,2025-08-15,CUST0203,Arjun Chopra,Hyderabad,Telangana,South,Standard,Home & Kitchen,Lighting,Desk Lamp,3,3000.98,0.1,526.84,Cash on Delivery
ORD10555,2025-08-15,CUST0028,Arjun Rao,Jaipur,Rajasthan,North,Gold,Books & Stationery,Books,Career Guide Book,1,454.87,0.0,172.85,Cash on Delivery
ORD10555,2025-08-15,CUST0028,Arjun Rao,Jaipur,Rajasthan,North,Gold,Electronics,Audio,Wireless Earbuds,4,8196.0,0.0,1967.04,Cash on Delivery
ORD11018,2025-08-16,CUST0223,Arjun Shah,Lucknow,Uttar Pradesh,North,Standard,Beauty & Personal Care,Haircare,Shampoo Pack,1,423.64,0.05,108.81,Credit Card
ORD10541,2025-08-18,CUST0185,Ishita Reddy,New Delhi,Delhi,North,Standard,Beauty & Personal Care,Haircare,Shampoo Pack,3,1127.48,0.1,235.52,UPI
ORD10564,2025-08-18,CUST0191,Tanvi Bose,Nagpur,Maharashtra,West,Standard,Beauty & Personal Care,Skincare,Face Moisturizer,1,518.01,0.15,104.82,Net Banking
ORD10386,2025-08-19,CUST0098,Krishna Das,Kolkata,West Bengal,East,Standard,Fashion,Footwear,Everyday Sneakers,3,7026.85,0.0,1545.91,Credit Card
ORD10459,2025-08-19,CUST0248,Ira Reddy,New Delhi,Delhi,North,Standard,Books & Stationery,Books,Career Guide Book,1,456.29,0.0,173.39,Debit Card
ORD10176,2025-08-21,CUST0039,Pari Desai,Mysuru,Karnataka,South,Gold,Electronics,Accessories,USB-C Hub,1,1583.65,0.1,242.83,Cash on Delivery
ORD10188,2025-08-21,CUST0136,Kiara Sharma,Chennai,Tamil Nadu,South,Standard,Home & Kitchen,Storage,Storage Organizer,1,521.54,0.15,93.26,UPI
ORD10188,2025-08-21,CUST0136,Kiara Sharma,Chennai,Tamil Nadu,South,Standard,Home & Kitchen,Bedding,Cotton Bedsheet,2,2335.73,0.25,31.14,Credit Card
ORD10188,2025-08-21,CUST0136,Kiara Sharma,Chennai,Tamil Nadu,South,Standard,Home & Kitchen,Storage,Storage Organizer,1,652.79,0.05,181.41,Debit Card
ORD10589,2025-08-21,CUST0087,Kiara Desai,Kolkata,West Bengal,East,Gold,Home & Kitchen,Bedding,Cotton Bedsheet,3,4347.05,0.0,1260.64,Credit Card
ORD10589,2025-08-21,CUST0087,Kiara Desai,Kolkata,West Bengal,East,Gold,Fashion,Footwear,Everyday Sneakers,1,2328.96,0.05,402.05,Net Banking
ORD10319,2025-08-22,CUST0111,Kavya Patel,Vadodara,Gujarat,West,Standard,Books & Stationery,Stationery,Notebook Set,1,287.62,0.05,104.15,Net Banking
ORD11079,2025-08-22,CUST0011,Sai Singh,Siliguri,West Bengal,East,Standard,Books & Stationery,Stationery,Notebook Set,2,472.38,0.25,75.58,Debit Card
ORD10061,2025-08-23,CUST0157,Ayaan Pillai,Siliguri,West Bengal,East,Standard,Electronics,Accessories,Laptop Stand,2,2603.43,0.1,543.83,UPI
ORD10163,2025-08-23,CUST0086,Ayaan Reddy,Surat,Gujarat,West,Silver,Electronics,Computing,Wireless Mouse,1,848.25,0.1,158.34,Credit Card
ORD10830,2025-08-23,CUST0034,Rohan Rao,Coimbatore,Tamil Nadu,South,Standard,Home & Kitchen,Lighting,Desk Lamp,1,894.64,0.1,157.06,Cash on Delivery
ORD10830,2025-08-23,CUST0034,Rohan Rao,Coimbatore,Tamil Nadu,South,Standard,Fashion,Accessories,Backpack,1,1673.65,0.1,312.42,Cash on Delivery
ORD10830,2025-08-23,CUST0034,Rohan Rao,Coimbatore,Tamil Nadu,South,Standard,Home & Kitchen,Cookware,Non-stick Pan,1,1265.15,0.0,328.94,Debit Card
ORD10240,2025-08-25,CUST0101,Saanvi Iyer,Vadodara,Gujarat,West,Silver,Electronics,Computing,Wireless Mouse,3,2300.89,0.05,542.53,Cash on Delivery
ORD11017,2025-08-25,CUST0131,Riya Patel,Kolkata,West Bengal,East,Standard,Electronics,Accessories,USB-C Hub,1,1444.37,0.1,221.47,Cash on Delivery
ORD11044,2025-08-25,CUST0027,Priya Rao,Ahmedabad,Gujarat,West,Silver,Home & Kitchen,Lighting,Desk Lamp,3,2820.43,0.2,162.17,Net Banking
ORD11044,2025-08-25,CUST0027,Priya Rao,Ahmedabad,Gujarat,West,Silver,Books & Stationery,Books,Career Guide Book,2,903.01,0.05,307.97,UPI
ORD11081,2025-08-25,CUST0099,Sai Pillai,Varanasi,Uttar Pradesh,North,Gold,Fashion,Accessories,Backpack,2,3429.21,0.1,640.12,UPI
ORD11081,2025-08-25,CUST0099,Sai Pillai,Varanasi,Uttar Pradesh,North,Gold,Home & Kitchen,Storage,Storage Organizer,1,639.42,0.05,177.69,UPI
ORD10453,2025-08-27,CUST0119,Ira Nair,Hyderabad,Telangana,South,Standard,Home & Kitchen,Bedding,Cotton Bedsheet,2,2333.08,0.25,31.11,Debit Card
ORD10537,2025-08-27,CUST0233,Tanvi Sharma,Nashik,Maharashtra,West,Silver,Electronics,Computing,Wireless Mouse,1,723.38,0.1,135.03,Credit Card
ORD10537,2025-08-27,CUST0233,Tanvi Sharma,Nashik,Maharashtra,West,Silver,Books & Stationery,Stationery,Notebook Set,1,316.68,0.1,101.34,Credit Card
ORD10613,2025-08-27,CUST0104,Diya Desai,Mumbai,Maharashtra,West,Silver,Electronics,Accessories,USB-C Hub,3,4857.06,0.0,1214.26,Net Banking
ORD10613,2025-08-27,CUST0104,Diya Desai,Mumbai,Maharashtra,West,Silver,Sports & Outdoors,Fitness,Yoga Mat,2,1873.45,0.05,540.34,Debit Card
ORD10778,2025-08-27,CUST0081,Aditya Joshi,Mangaluru,Karnataka,South,Standard,Beauty & Personal Care,Skincare,Face Moisturizer,4,2022.3,0.05,604.56,Credit Card
ORD10573,2025-08-29,CUST0164,Vivaan Iyer,Mysuru,Karnataka,South,Standard,Electronics,Computing,Wireless Mouse,3,2347.9,0.0,657.41,Cash on Delivery
ORD10226,2025-08-31,CUST0145,Rahul Reddy,Hyderabad,Telangana,South,Standard,Fashion,Apparel,Casual Shirt,2,2075.13,0.1,456.53,Debit Card
ORD10394,2025-08-31,CUST0084,Saanvi Mishra,Surat,Gujarat,West,Standard,Fashion,Apparel,Casual Shirt,1,1227.99,0.05,328.32,Net Banking
ORD10390,2025-09-01,CUST0244,Pari Pillai,Surat,Gujarat,West,Standard,Electronics,Computing,Wireless Mouse,1,787.02,0.05,185.57,Credit Card
ORD10074,2025-09-02,CUST0171,Ananya Patel,Mumbai,Maharashtra,West,Standard,Electronics,Computing,Wireless Mouse,2,1479.25,0.1,276.13,Cash on Delivery
ORD10074,2025-09-02,CUST0171,Ananya Patel,Mumbai,Maharashtra,West,Standard,Electronics,Accessories,USB-C Hub,1,1622.13,0.1,248.73,Cash on Delivery
ORD10456,2025-09-02,CUST0172,Ira Das,Bengaluru,Karnataka,South,Standard,Beauty & Personal Care,Skincare,Face Moisturizer,1,442.9,0.1,112.2,Credit Card
ORD10456,2025-09-02,CUST0172,Ira Das,Bengaluru,Karnataka,South,Standard,Home & Kitchen,Cookware,Non-stick Pan,3,3098.02,0.2,139.41,UPI
ORD10324,2025-09-03,CUST0076,Ananya Khan,Warangal,Telangana,South,Silver,Home & Kitchen,Storage,Storage Organizer,2,1086.24,0.1,251.04,Cash on Delivery
ORD10356,2025-09-03,CUST0198,Vivaan Khan,Udaipur,Rajasthan,North,Standard,Electronics,Audio,Wireless Earbuds,2,4803.56,0.0,1152.86,Net Banking
ORD10119,2025-09-04,CUST0022,Vihaan Joshi,Warangal,Telangana,South,Standard,Beauty & Personal Care,Skincare,Face Moisturizer,2,958.07,0.2,138.92,Net Banking
ORD10748,2025-09-04,CUST0231,Sai Iyer,Siliguri,West Bengal,East,Standard,Sports & Outdoors,Fitness,Yoga Mat,2,1708.88,0.05,492.88,UPI
ORD10748,2025-09-04,CUST0231,Sai Iyer,Siliguri,West Bengal,East,Standard,Books & Stationery,Books,Career Guide Book,2,928.84,0.1,276.59,UPI
ORD10748,2025-09-04,CUST0231,Sai Iyer,Siliguri,West Bengal,East,Standard,Home & Kitchen,Bedding,Cotton Bedsheet,3,4277.92,0.05,1053.72,Cash on Delivery
ORD10228,2025-09-06,CUST0200,Kavya Gupta,Mumbai,Maharashtra,West,Standard,Fashion,Accessories,Backpack,2,3085.96,0.15,406.62,Debit Card
ORD10618,2025-09-06,CUST0069,Krishna Sharma,Noida,Uttar Pradesh,North,Gold,Beauty & Personal Care,Haircare,Shampoo Pack,3,1116.07,0.1,233.13,Net Banking
ORD10881,2025-09-07,CUST0010,Aditya Desai,Coimbatore,Tamil Nadu,South,Silver,Electronics,Accessories,Laptop Stand,3,3923.07,0.05,1007.61,Net Banking
ORD10881,2025-09-07,CUST0010,Aditya Desai,Coimbatore,Tamil Nadu,South,Silver,Home & Kitchen,Lighting,Desk Lamp,1,975.6,0.2,56.1,Net Banking
ORD10974,2025-09-07,CUST0060,Aarav Mehta,Varanasi,Uttar Pradesh,North,Standard,Electronics,Audio,Wireless Earbuds,1,1938.37,0.2,38.77,Debit Card
ORD10389,2025-09-08,CUST0186,Priya Gupta,Siliguri,West Bengal,East,Silver,Beauty & Personal Care,Skincare,Face Moisturizer,1,473.53,0.1,119.96,Cash on Delivery
ORD10389,2025-09-08,CUST0186,Priya Gupta,Siliguri,West Bengal,East,Silver,Home & Kitchen,Cookware,Non-stick Pan,1,974.07,0.15,105.43,Net Banking
ORD10627,2025-09-08,CUST0216,Vihaan Singh,Surat,Gujarat,West,Silver,Fashion,Apparel,Casual Shirt,2,1739.83,0.25,69.59,Net Banking
ORD10627,2025-09-08,CUST0216,Vihaan Singh,Surat,Gujarat,West,Silver,Fashion,Apparel,Casual Shirt,1,1110.95,0.0,344.39,UPI
ORD10779,2025-09-08,CUST0133,Rahul Verma,Kochi,Kerala,South,Standard,Electronics,Accessories,USB-C Hub,1,1604.68,0.1,246.05,Credit Card
ORD10799,2025-09-08,CUST0240,Meera Iyer,Chennai,Tamil Nadu,South,Silver,Fashion,Apparel,Denim Jeans,1,1584.77,0.15,152.88,Cash on Delivery
ORD10985,2025-09-08,CUST0082,Ishita Desai,New Delhi,Delhi,North,Silver,Home & Kitchen,Bedding,Cotton Bedsheet,4,6243.05,0.0,1810.48,UPI
ORD10024,2025-09-09,CUST0080,Rohan Nair,Siliguri,West Bengal,East,Standard,Home & Kitchen,Storage,Storage Organizer,2,1099.35,0.05,305.5,Debit Card
ORD10115,2025-09-09,CUST0079,Kavya Mishra,Coimbatore,Tamil Nadu,South,Standard,Home & Kitchen,Lighting,Desk Lamp,1,1073.14,0.0,289.75,Debit Card
ORD10115,2025-09-09,CUST0079,Kavya Mishra,Coimbatore,Tamil Nadu,South,Standard,Fashion,Apparel,Casual Shirt,2,2402.49,0.1,528.55,Credit Card
ORD10424,2025-09-09,CUST0168,Ananya Rao,Udaipur,Rajasthan,North,Gold,Electronics,Computing,Wireless Mouse,1,705.93,0.1,131.77,Debit Card
ORD10683,2025-09-09,CUST0169,Kabir Joshi,Ahmedabad,Gujarat,West,Gold,Electronics,Computing,Wireless Mouse,2,1315.79,0.15,173.38,Cash on Delivery
ORD10715,2025-09-10,CUST0050,Aadhya Iyer,Coimbatore,Tamil Nadu,South,Silver,Books & Stationery,Stationery,Notebook Set,3,913.8,0.0,365.52,Debit Card
ORD10715,2025-09-10,CUST0050,Aadhya Iyer,Coimbatore,Tamil Nadu,South,Silver,Beauty & Personal Care,Skincare,Face Moisturizer,3,1489.28,0.15,301.36,UPI
ORD10715,2025-09-10,CUST0050,Aadhya Iyer,Coimbatore,Tamil Nadu,South,Silver,Sports & Outdoors,Outdoor,Insulated Bottle,2,1163.78,0.25,108.62,Net Banking
ORD10803,2025-09-10,CUST0099,Sai Pillai,Varanasi,Uttar Pradesh,North,Gold,Fashion,Footwear,Everyday Sneakers,1,2427.86,0.0,534.13,UPI
ORD10347,2025-09-11,CUST0177,Neha Kulkarni,Warangal,Telangana,South,Standard,Fashion,Footwear,Everyday Sneakers,3,6764.47,0.15,413.83,Cash on Delivery
ORD10591,2025-09-12,CUST0163,Neha Khan,New Delhi,Delhi,North,Standard,Electronics,Accessories,Laptop Stand,2,2231.3,0.15,346.51,Cash on Delivery
ORD11010,2025-09-12,CUST0167,Meera Khan,Warangal,Telangana,South,Silver,Fashion,Apparel,Casual Shirt,1,1173.65,0.0,363.83,Cash on Delivery
ORD10735,2025-09-13,CUST0209,Rohan Mehta,Noida,Uttar Pradesh,North,Standard,Fashion,Apparel,Casual Shirt,1,938.84,0.15,156.84,UPI
ORD11067,2025-09-13,CUST0230,Rahul Kulkarni,Chennai,Tamil Nadu,South,Standard,Fashion,Footwear,Everyday Sneakers,2,5102.54,0.05,880.86,Debit Card
ORD10224,2025-09-14,CUST0059,Kabir Kulkarni,New Delhi,Delhi,North,Standard,Fashion,Apparel,Casual Shirt,2,1930.03,0.15,322.43,Net Banking
ORD10224,2025-09-14,CUST0059,Kabir Kulkarni,New Delhi,Delhi,North,Standard,Fashion,Apparel,Denim Jeans,1,1809.78,0.0,452.44,Cash on Delivery
ORD10532,2025-09-14,CUST0086,Ayaan Reddy,Surat,Gujarat,West,Silver,Books & Stationery,Books,Career Guide Book,1,363.53,0.2,70.89,UPI
ORD10992,2025-09-15,CUST0234,Neha Das,Thiruvananthapuram,Kerala,South,Standard,Fashion,Accessories,Backpack,3,4512.73,0.2,315.89,Cash on Delivery
ORD10992,2025-09-15,CUST0234,Neha Das,Thiruvananthapuram,Kerala,South,Standard,Home & Kitchen,Lighting,Desk Lamp,2,2255.15,0.05,508.0,Net Banking
ORD11091,2025-09-15,CUST0008,Tanvi Khan,Jaipur,Rajasthan,North,Standard,Home & Kitchen,Bedding,Cotton Bedsheet,1,1637.92,0.05,403.44,Cash on Delivery
ORD10006,2025-09-17,CUST0243,Kavya Kulkarni,Siliguri,West Bengal,East,Standard,Sports & Outdoors,Fitness,Yoga Mat,1,1056.16,0.0,348.53,Net Banking
ORD10265,2025-09-17,CUST0030,Rohan Singh,Warangal,Telangana,South,Standard,Electronics,Accessories,USB-C Hub,3,5077.12,0.05,1036.8,Credit Card
ORD10409,2025-09-18,CUST0189,Pari Singh,Jaipur,Rajasthan,North,Silver,Home & Kitchen,Bedding,Cotton Bedsheet,2,2836.03,0.0,822.45,UPI
ORD10346,2025-09-19,CUST0110,Neha Joshi,Chennai,Tamil Nadu,South,Silver,Electronics,Computing,Wireless Mouse,1,771.35,0.05,181.88,Debit Card
ORD10358,2025-09-19,CUST0133,Rahul Verma,Kochi,Kerala,South,Standard,Fashion,Footwear,Everyday Sneakers,1,2191.19,0.15,134.05,Net Banking
ORD10358,2025-09-19,CUST0133,Rahul Verma,Kochi,Kerala,South,Standard,Home & Kitchen,Lighting,Desk Lamp,3,3133.36,0.0,846.01,Net Banking
ORD11037,2025-09-20,CUST0236,Saanvi Mehta,New Delhi,Delhi,North,Standard,Home & Kitchen,Cookware,Non-stick Pan,2,2633.34,0.0,684.67,Net Banking
ORD10015,2025-09-21,CUST0112,Ira Gupta,New Delhi,Delhi,North,Standard,Beauty & Personal Care,Haircare,Shampoo Pack,1,359.01,0.15,55.75,Debit Card
ORD11061,2025-09-21,CUST0027,Priya Rao,Ahmedabad,Gujarat,West,Silver,Home & Kitchen,Storage,Storage Organizer,1,584.13,0.0,186.92,UPI
ORD10816,2025-09-22,CUST0094,Saanvi Gupta,Surat,Gujarat,West,Standard,Fashion,Apparel,Casual Shirt,1,1312.38,0.0,406.84,Credit Card
ORD10848,2025-09-22,CUST0095,Aadhya Mishra,Coimbatore,Tamil Nadu,South,Gold,Fashion,Apparel,Denim Jeans,3,4992.93,0.2,162.27,Cash on Delivery
ORD11060,2025-09-22,CUST0153,Vihaan Shah,Siliguri,West Bengal,East,Gold,Sports & Outdoors,Outdoor,Insulated Bottle,1,654.95,0.0,229.23,Credit Card
ORD10295,2025-09-23,CUST0117,Ananya Shah,Siliguri,West Bengal,East,Standard,Home & Kitchen,Cookware,Non-stick Pan,2,2270.31,0.05,487.52,Net Banking
ORD10350,2025-09-24,CUST0029,Reyansh Chopra,Udaipur,Rajasthan,North,Silver,Beauty & Personal Care,Skincare,Face Moisturizer,1,521.51,0.0,177.31,Credit Card
ORD10729,2025-09-24,CUST0047,Rohan Desai,Kochi,Kerala,South,Standard,Sports & Outdoors,Fitness,Yoga Mat,1,845.97,0.15,161.23,UPI
ORD10729,2025-09-24,CUST0047,Rohan Desai,Kochi,Kerala,South,Standard,Beauty & Personal Care,Skincare,Face Moisturizer,2,1201.78,0.0,408.61,Credit Card
ORD10920,2025-09-24,CUST0209,Rohan Mehta,Noida,Uttar Pradesh,North,Standard,Home & Kitchen,Bedding,Cotton Bedsheet,1,1448.37,0.0,420.03,Debit Card
ORD10287,2025-09-25,CUST0162,Aadhya Desai,Madurai,Tamil Nadu,South,Silver,Electronics,Accessories,Laptop Stand,2,3087.65,0.0,926.29,UPI
ORD10770,2025-09-25,CUST0098,Krishna Das,Kolkata,West Bengal,East,Standard,Sports & Outdoors,Outdoor,Insulated Bottle,1,524.05,0.15,112.21,Debit Card
ORD10973,2025-09-25,CUST0094,Saanvi Gupta,Surat,Gujarat,West,Standard,Home & Kitchen,Cookware,Non-stick Pan,2,2317.75,0.1,381.14,UPI
ORD10973,2025-09-25,CUST0094,Saanvi Gupta,Surat,Gujarat,West,Standard,Electronics,Computing,Wireless Mouse,1,691.73,0.1,129.12,Net Banking
ORD10695,2025-09-27,CUST0110,Neha Joshi,Chennai,Tamil Nadu,South,Silver,Home & Kitchen,Bedding,Cotton Bedsheet,1,1457.03,0.0,422.54,Cash on Delivery
ORD10988,2025-09-28,CUST0176,Aditya Pillai,Hyderabad,Telangana,South,Gold,Electronics,Computing,Wireless Mouse,1,947.09,0.0,265.19,Credit Card
ORD10398,2025-09-29,CUST0139,Saanvi Mehta,Kochi,Kerala,South,Standard,Home & Kitchen,Cookware,Non-stick Pan,2,2062.07,0.15,223.19,Cash on Delivery
ORD10398,2025-09-29,CUST0139,Saanvi Mehta,Kochi,Kerala,South,Standard,Electronics,Accessories,Laptop Stand,1,1299.43,0.0,389.83,Cash on Delivery
ORD10705,2025-09-30,CUST0245,Kabir Sharma,Hyderabad,Telangana,South,Standard,Electronics,Computing,Wireless Mouse,1,619.75,0.2,43.38,Credit Card
ORD10705,2025-09-30,CUST0245,Kabir Sharma,Hyderabad,Telangana,South,Standard,Home & Kitchen,Lighting,Desk Lamp,2,1788.3,0.15,214.6,Net Banking
ORD10871,2025-09-30,CUST0077,Rohan Khan,Coimbatore,Tamil Nadu,South,Silver,Beauty & Personal Care,Haircare,Shampoo Pack,1,372.67,0.15,57.87,Credit Card
ORD10871,2025-09-30,CUST0077,Rohan Khan,Coimbatore,Tamil Nadu,South,Silver,Home & Kitchen,Lighting,Desk Lamp,4,4395.3,0.1,771.62,Cash on Delivery
ORD10649,2025-10-01,CUST0220,Vihaan Kulkarni,Udaipur,Rajasthan,North,Standard,Sports & Outdoors,Fitness,Yoga Mat,2,1622.71,0.2,215.01,Net Banking
ORD10649,2025-10-01,CUST0220,Vihaan Kulkarni,Udaipur,Rajasthan,North,Standard,Home & Kitchen,Lighting,Desk Lamp,3,3329.65,0.0,899.0,Net Banking
ORD10038,2025-10-02,CUST0071,Riya Kulkarni,Hyderabad,Telangana,South,Standard,Books & Stationery,Stationery,Notebook Set,1,294.35,0.1,94.19,Cash on Delivery
ORD10150,2025-10-02,CUST0017,Priya Mishra,Udaipur,Rajasthan,North,Standard,Home & Kitchen,Bedding,Cotton Bedsheet,1,1444.55,0.0,418.92,Credit Card
ORD10845,2025-10-04,CUST0173,Aditya Bose,Bengaluru,Karnataka,South,Gold,Electronics,Audio,Wireless Earbuds,3,6278.03,0.0,1506.73,Cash on Delivery
ORD11027,2025-10-04,CUST0237,Aadhya Joshi,Jaipur,Rajasthan,North,Silver,Home & Kitchen,Cookware,Non-stick Pan,2,1865.7,0.2,83.96,Credit Card
ORD10730,2025-10-05,CUST0071,Riya Kulkarni,Hyderabad,Telangana,South,Standard,Electronics,Computing,Wireless Mouse,2,1346.94,0.15,177.48,Net Banking
ORD10128,2025-10-06,CUST0198,Vivaan Khan,Udaipur,Rajasthan,North,Standard,Beauty & Personal Care,Haircare,Shampoo Pack,1,389.82,0.15,60.54,Net Banking
ORD10471,2025-10-06,CUST0067,Dev Patel,Surat,Gujarat,West,Silver,Home & Kitchen,Storage,Storage Organizer,2,1049.77,0.15,187.72,Cash on Delivery
ORD10648,2025-10-08,CUST0018,Arjun Verma,New Delhi,Delhi,North,Standard,Books & Stationery,Books,Career Guide Book,4,1887.99,0.1,562.2,Cash on Delivery
ORD10648,2025-10-08,CUST0018,Arjun Verma,New Delhi,Delhi,North,Standard,Fashion,Apparel,Casual Shirt,2,2194.72,0.05,586.8,Debit Card
ORD10648,2025-10-08,CUST0018,Arjun Verma,New Delhi,Delhi,North,Standard,Books & Stationery,Books,Career Guide Book,2,937.87,0.0,356.39,Credit Card
ORD10495,2025-10-09,CUST0005,Rahul Reddy,Hyderabad,Telangana,South,Silver,Fashion,Apparel,Casual Shirt,3,3696.1,0.0,1145.79,Cash on Delivery
ORD10776,2025-10-10,CUST0230,Rahul Kulkarni,Chennai,Tamil Nadu,South,Standard,Electronics,Computing,Wireless Mouse,2,1507.95,0.05,355.56,Cash on Delivery
ORD10776,2025-10-10,CUST0230,Rahul Kulkarni,Chennai,Tamil Nadu,South,Standard,Electronics,Computing,Wireless Mouse,2,1699.28,0.05,400.67,Net Banking
ORD10905,2025-10-10,CUST0220,Vihaan Kulkarni,Udaipur,Rajasthan,North,Standard,Home & Kitchen,Storage,Storage Organizer,1,599.87,0.0,191.96,Cash on Delivery
ORD10905,2025-10-10,CUST0220,Vihaan Kulkarni,Udaipur,Rajasthan,North,Standard,Electronics,Accessories,Laptop Stand,1,1281.09,0.05,329.04,Cash on Delivery
ORD10838,2025-10-11,CUST0216,Vihaan Singh,Surat,Gujarat,West,Silver,Home & Kitchen,Lighting,Desk Lamp,3,3116.88,0.0,841.56,Cash on Delivery
ORD10651,2025-10-12,CUST0091,Kabir Desai,Udaipur,Rajasthan,North,Standard,Electronics,Audio,Wireless Earbuds,3,5595.99,0.1,795.87,Debit Card
ORD10745,2025-10-12,CUST0088,Rohan Verma,Mysuru,Karnataka,South,Gold,Fashion,Accessories,Backpack,4,5332.41,0.15,702.62,UPI
ORD10745,2025-10-12,CUST0088,Rohan Verma,Mysuru,Karnataka,South,Gold,Sports & Outdoors,Fitness,Yoga Mat,1,800.09,0.1,193.8,Cash on Delivery
ORD10882,2025-10-12,CUST0070,Rohan Chopra,Udaipur,Rajasthan,North,Standard,Home & Kitchen,Cookware,Non-stick Pan,1,1070.55,0.1,176.05,Net Banking
ORD10657,2025-10-13,CUST0150,Ishita Shah,Varanasi,Uttar Pradesh,North,Silver,Sports & Outdoors,Fitness,Yoga Mat,2,1604.53,0.2,212.6,Net Banking
ORD10098,2025-10-15,CUST0019,Kabir Reddy,Ahmedabad,Gujarat,West,Silver,Sports & Outdoors,Outdoor,Insulated Bottle,2,1410.82,0.0,493.79,Net Banking
ORD10709,2025-10-15,CUST0148,Saanvi Rao,Mysuru,Karnataka,South,Standard,Electronics,Accessories,Laptop Stand,1,1107.12,0.2,105.18,Credit Card
ORD10709,2025-10-15,CUST0148,Saanvi Rao,Mysuru,Karnataka,South,Standard,Beauty & Personal Care,Skincare,Face Moisturizer,1,480.4,0.1,121.7,Credit Card
ORD10131,2025-10-16,CUST0135,Kabir Nair,Ahmedabad,Gujarat,West,Standard,Beauty & Personal Care,Skincare,Face Moisturizer,2,953.87,0.1,241.65,Net Banking
ORD10592,2025-10-16,CUST0101,Saanvi Iyer,Vadodara,Gujarat,West,Silver,Fashion,Apparel,Denim Jeans,3,4885.59,0.15,471.32,Credit Card
ORD10592,2025-10-16,CUST0101,Saanvi Iyer,Vadodara,Gujarat,West,Silver,Sports & Outdoors,Fitness,Yoga Mat,1,740.48,0.2,98.11,Debit Card
ORD10592,2025-10-16,CUST0101,Saanvi Iyer,Vadodara,Gujarat,West,Silver,Fashion,Apparel,Casual Shirt,1,955.24,0.15,159.58,Credit Card
ORD10808,2025-10-16,CUST0017,Priya Mishra,Udaipur,Rajasthan,North,Standard,Home & Kitchen,Bedding,Cotton Bedsheet,2,2850.82,0.1,563.83,Net Banking
ORD10808,2025-10-16,CUST0017,Priya Mishra,Udaipur,Rajasthan,North,Standard,Fashion,Apparel,Denim Jeans,2,3236.0,0.1,496.19,Net Banking
ORD10808,2025-10-16,CUST0017,Priya Mishra,Udaipur,Rajasthan,North,Standard,Books & Stationery,Books,Career Guide Book,3,1238.82,0.2,241.57,Debit Card
ORD10888,2025-10-16,CUST0161,Pari Gupta,New Delhi,Delhi,North,Silver,Electronics,Accessories,USB-C Hub,1,1415.31,0.15,136.54,Cash on Delivery
ORD10888,2025-10-16,CUST0161,Pari Gupta,New Delhi,Delhi,North,Silver,Home & Kitchen,Storage,Storage Organizer,2,1209.45,0.0,387.02,Credit Card
ORD10888,2025-10-16,CUST0161,Pari Gupta,New Delhi,Delhi,North,Silver,Electronics,Audio,Wireless Earbuds,1,1990.66,0.05,385.56,Debit Card
ORD10353,2025-10-17,CUST0113,Saanvi Singh,Kolkata,West Bengal,East,Silver,Fashion,Apparel,Casual Shirt,3,3027.82,0.1,666.12,UPI
ORD10501,2025-10-17,CUST0054,Meera Verma,Udaipur,Rajasthan,North,Standard,Sports & Outdoors,Fitness,Yoga Mat,1,780.16,0.2,103.37,UPI
ORD10956,2025-10-17,CUST0222,Diya Shah,Warangal,Telangana,South,Standard,Fashion,Apparel,Casual Shirt,2,2253.73,0.15,376.5,Net Banking
ORD10956,2025-10-17,CUST0222,Diya Shah,Warangal,Telangana,South,Standard,Home & Kitchen,Lighting,Desk Lamp,1,1127.4,0.0,304.4,UPI
ORD10040,2025-10-18,CUST0024,Arjun Singh,Jaipur,Rajasthan,North,Silver,Fashion,Footwear,Everyday Sneakers,2,3998.32,0.15,244.6,UPI
ORD10040,2025-10-18,CUST0024,Arjun Singh,Jaipur,Rajasthan,North,Silver,Sports & Outdoors,Outdoor,Insulated Bottle,3,1954.37,0.1,516.82,Debit Card
ORD10066,2025-10-18,CUST0075,Rohan Mehta,New Delhi,Delhi,North,Silver,Sports & Outdoors,Outdoor,Insulated Bottle,3,2102.12,0.0,735.74,Debit Card
ORD10815,2025-10-20,CUST0231,Sai Iyer,Siliguri,West Bengal,East,Standard,Electronics,Accessories,Laptop Stand,3,3640.91,0.2,345.89,UPI
ORD10708,2025-10-22,CUST0131,Riya Patel,Kolkata,West Bengal,East,Standard,Fashion,Apparel,Denim Jeans,1,1636.88,0.1,250.99,Debit Card
ORD10708,2025-10-22,CUST0131,Riya Patel,Kolkata,West Bengal,East,Standard,Books & Stationery,Books,Career Guide Book,2,814.98,0.15,203.27,Debit Card
ORD10895,2025-10-22,CUST0108,Ishaan Mehta,Ahmedabad,Gujarat,West,Standard,Beauty & Personal Care,Skincare,Face Moisturizer,1,487.88,0.05,145.85,Debit Card
ORD10292,2025-10-23,CUST0055,Nisha Iyer,Hyderabad,Telangana,South,Standard,Home & Kitchen,Cookware,Non-stick Pan,1,1350.42,0.0,351.11,Credit Card
ORD10292,2025-10-23,CUST0055,Nisha Iyer,Hyderabad,Telangana,South,Standard,Electronics,Accessories,USB-C Hub,1,1659.35,0.15,160.08,Cash on Delivery
ORD10915,2025-10-23,CUST0148,Saanvi Rao,Mysuru,Karnataka,South,Standard,Beauty & Personal Care,Haircare,Shampoo Pack,1,370.0,0.05,95.03,Net Banking
ORD10620,2025-10-24,CUST0135,Kabir Nair,Ahmedabad,Gujarat,West,Standard,Fashion,Apparel,Casual Shirt,1,1286.84,0.0,398.92,Debit Card
ORD10290,2025-10-25,CUST0078,Aadhya Chopra,Thiruvananthapuram,Kerala,South,Silver,Electronics,Audio,Wireless Earbuds,2,3601.92,0.1,512.27,UPI
ORD10514,2025-10-25,CUST0077,Rohan Khan,Coimbatore,Tamil Nadu,South,Silver,Electronics,Audio,Wireless Earbuds,1,2191.98,0.05,424.55,Cash on Delivery
ORD10514,2025-10-25,CUST0077,Rohan Khan,Coimbatore,Tamil Nadu,South,Silver,Electronics,Audio,Wireless Earbuds,4,7233.1,0.1,1028.71,Net Banking
ORD10514,2025-10-25,CUST0077,Rohan Khan,Coimbatore,Tamil Nadu,South,Silver,Home & Kitchen,Storage,Storage Organizer,2,1224.42,0.05,340.26,UPI
ORD10253,2025-10-26,CUST0198,Vivaan Khan,Udaipur,Rajasthan,North,Standard,Home & Kitchen,Storage,Storage Organizer,1,493.98,0.15,88.33,Credit Card
ORD10253,2025-10-26,CUST0198,Vivaan Khan,Udaipur,Rajasthan,North,Standard,Electronics,Accessories,USB-C Hub,1,1737.52,0.1,266.42,Net Banking
ORD11004,2025-10-26,CUST0100,Tanvi Khan,Jaipur,Rajasthan,North,Standard,Electronics,Computing,Wireless Mouse,4,2590.03,0.25,0.0,Cash on Delivery
ORD10101,2025-10-27,CUST0165,Vihaan Verma,Surat,Gujarat,West,Gold,Electronics,Computing,Wireless Mouse,1,802.85,0.05,189.3,UPI
ORD10101,2025-10-27,CUST0165,Vihaan Verma,Surat,Gujarat,West,Gold,Home & Kitchen,Storage,Storage Organizer,1,538.08,0.2,64.57,Debit Card
ORD10685,2025-10-27,CUST0162,Aadhya Desai,Madurai,Tamil Nadu,South,Silver,Fashion,Accessories,Backpack,1,1241.32,0.25,0.0,Cash on Delivery
ORD10990,2025-10-27,CUST0175,Krishna Shah,Warangal,Telangana,South,Gold,Electronics,Accessories,USB-C Hub,1,1360.62,0.2,44.22,Cash on Delivery
ORD10990,2025-10-27,CUST0175,Krishna Shah,Warangal,Telangana,South,Gold,Beauty & Personal Care,Skincare,Face Moisturizer,1,368.91,0.25,29.51,Cash on Delivery
ORD10653,2025-10-28,CUST0015,Tanvi Mishra,Ahmedabad,Gujarat,West,Gold,Sports & Outdoors,Fitness,Yoga Mat,1,798.42,0.15,152.17,Credit Card
ORD10653,2025-10-28,CUST0015,Tanvi Mishra,Ahmedabad,Gujarat,West,Gold,Books & Stationery,Stationery,Notebook Set,3,913.74,0.0,365.49,Cash on Delivery
ORD10961,2025-10-28,CUST0011,Sai Singh,Siliguri,West Bengal,East,Standard,Sports & Outdoors,Fitness,Yoga Mat,1,844.41,0.2,111.88,Net Banking
ORD10961,2025-10-28,CUST0011,Sai Singh,Siliguri,West Bengal,East,Standard,Sports & Outdoors,Fitness,Yoga Mat,1,688.17,0.25,45.88,Cash on Delivery
ORD10696,2025-10-29,CUST0113,Saanvi Singh,Kolkata,West Bengal,East,Silver,Fashion,Apparel,Casual Shirt,2,1976.29,0.1,434.78,Net Banking
ORD10696,2025-10-29,CUST0113,Saanvi Singh,Kolkata,West Bengal,East,Silver,Fashion,Apparel,Casual Shirt,2,2537.33,0.05,678.4,Cash on Delivery
ORD10794,2025-10-29,CUST0137,Ishaan Patel,Thiruvananthapuram,Kerala,South,Standard,Home & Kitchen,Lighting,Desk Lamp,4,3250.23,0.2,186.89,Cash on Delivery
ORD10742,2025-10-31,CUST0006,Rahul Gupta,Bengaluru,Karnataka,South,Standard,Beauty & Personal Care,Skincare,Face Moisturizer,1,570.85,0.0,194.09,Debit Card
ORD10255,2025-11-01,CUST0019,Kabir Reddy,Ahmedabad,Gujarat,West,Silver,Books & Stationery,Books,Career Guide Book,2,877.48,0.1,261.29,Debit Card
ORD10002,2025-11-02,CUST0081,Aditya Joshi,Mangaluru,Karnataka,South,Standard,Beauty & Personal Care,Skincare,Face Moisturizer,1,420.91,0.15,85.17,Cash on Delivery
ORD10169,2025-11-02,CUST0141,Pari Mehta,Thiruvananthapuram,Kerala,South,Standard,Fashion,Accessories,Backpack,1,1339.5,0.2,93.76,UPI
ORD10614,2025-11-02,CUST0243,Kavya Kulkarni,Siliguri,West Bengal,East,Standard,Sports & Outdoors,Fitness,Yoga Mat,1,852.91,0.15,162.55,Cash on Delivery
ORD11045,2025-11-02,CUST0068,Ishaan Desai,Siliguri,West Bengal,East,Standard,Beauty & Personal Care,Skincare,Face Moisturizer,1,611.63,0.0,207.95,Cash on Delivery
ORD10039,2025-11-05,CUST0043,Saanvi Chopra,Siliguri,West Bengal,East,Silver,Fashion,Accessories,Backpack,3,5093.82,0.1,950.85,UPI
ORD10719,2025-11-05,CUST0129,Riya Joshi,Ahmedabad,Gujarat,West,Standard,Fashion,Accessories,Backpack,1,1670.49,0.1,311.83,Cash on Delivery
ORD10719,2025-11-05,CUST0129,Riya Joshi,Ahmedabad,Gujarat,West,Standard,Fashion,Apparel,Casual Shirt,1,1282.18,0.0,397.48,Credit Card
ORD10896,2025-11-05,CUST0069,Krishna Sharma,Noida,Uttar Pradesh,North,Gold,Beauty & Personal Care,Haircare,Shampoo Pack,2,922.47,0.0,276.74,UPI
ORD10774,2025-11-06,CUST0055,Nisha Iyer,Hyderabad,Telangana,South,Standard,Electronics,Accessories,USB-C Hub,1,1405.24,0.15,135.56,Debit Card
ORD10783,2025-11-06,CUST0078,Aadhya Chopra,Thiruvananthapuram,Kerala,South,Silver,Home & Kitchen,Storage,Storage Organizer,4,2248.69,0.1,519.7,Net Banking
ORD10783,2025-11-06,CUST0078,Aadhya Chopra,Thiruvananthapuram,Kerala,South,Silver,Fashion,Apparel,Denim Jeans,2,3634.12,0.05,742.13,Debit Card
ORD10206,2025-11-07,CUST0126,Vihaan Nair,Udaipur,Rajasthan,North,Standard,Books & Stationery,Stationery,Notebook Set,1,295.35,0.05,106.95,Credit Card
ORD10457,2025-11-07,CUST0188,Diya Sharma,Varanasi,Uttar Pradesh,North,Silver,Books & Stationery,Stationery,Notebook Set,1,284.35,0.1,90.99,Credit Card
ORD10924,2025-11-08,CUST0148,Saanvi Rao,Mysuru,Karnataka,South,Standard,Fashion,Footwear,Everyday Sneakers,1,1905.77,0.15,116.59,Debit Card
ORD10193,2025-11-09,CUST0099,Sai Pillai,Varanasi,Uttar Pradesh,North,Gold,Electronics,Accessories,USB-C Hub,1,1905.29,0.05,389.08,Net Banking
ORD10760,2025-11-09,CUST0153,Vihaan Shah,Siliguri,West Bengal,East,Gold,Electronics,Audio,Wireless Earbuds,1,2311.73,0.0,554.82,Net Banking
ORD10760,2025-11-09,CUST0153,Vihaan Shah,Siliguri,West Bengal,East,Gold,Beauty & Personal Care,Skincare,Face Moisturizer,2,741.91,0.25,59.35,Credit Card
ORD10939,2025-11-10,CUST0220,Vihaan Kulkarni,Udaipur,Rajasthan,North,Standard,Sports & Outdoors,Outdoor,Insulated Bottle,1,627.59,0.15,134.38,UPI
ORD10939,2025-11-10,CUST0220,Vihaan Kulkarni,Udaipur,Rajasthan,North,Standard,Home & Kitchen,Cookware,Non-stick Pan,4,4152.99,0.2,186.88,Credit Card
ORD10749,2025-11-11,CUST0017,Priya Mishra,Udaipur,Rajasthan,North,Standard,Home & Kitchen,Bedding,Cotton Bedsheet,2,2909.87,0.05,716.75,Net Banking
ORD10749,2025-11-11,CUST0017,Priya Mishra,Udaipur,Rajasthan,North,Standard,Electronics,Audio,Wireless Earbuds,1,2195.58,0.1,312.26,UPI
ORD10749,2025-11-11,CUST0017,Priya Mishra,Udaipur,Rajasthan,North,Standard,Home & Kitchen,Cookware,Non-stick Pan,3,3456.31,0.0,898.64,Cash on Delivery
ORD11071,2025-11-11,CUST0133,Rahul Verma,Kochi,Kerala,South,Standard,Electronics,Accessories,Laptop Stand,1,1190.44,0.15,184.87,Debit Card
ORD10540,2025-11-12,CUST0036,Saanvi Singh,Vadodara,Gujarat,West,Standard,Beauty & Personal Care,Haircare,Shampoo Pack,1,347.68,0.2,33.03,UPI
ORD10540,2025-11-12,CUST0036,Saanvi Singh,Vadodara,Gujarat,West,Standard,Electronics,Accessories,USB-C Hub,2,3605.96,0.1,552.91,Cash on Delivery
ORD10821,2025-11-12,CUST0237,Aadhya Joshi,Jaipur,Rajasthan,North,Silver,Electronics,Accessories,USB-C Hub,1,1736.57,0.1,266.27,Credit Card
ORD10821,2025-11-12,CUST0237,Aadhya Joshi,Jaipur,Rajasthan,North,Silver,Fashion,Accessories,Backpack,2,2903.51,0.15,382.58,Net Banking
ORD10821,2025-11-12,CUST0237,Aadhya Joshi,Jaipur,Rajasthan,North,Silver,Home & Kitchen,Cookware,Non-stick Pan,1,1106.35,0.0,287.65,Credit Card
ORD10886,2025-11-14,CUST0023,Ira Mehta,Hyderabad,Telangana,South,Gold,Home & Kitchen,Cookware,Non-stick Pan,1,1036.27,0.25,-27.63,Debit Card
ORD10959,2025-11-14,CUST0077,Rohan Khan,Coimbatore,Tamil Nadu,South,Silver,Sports & Outdoors,Outdoor,Insulated Bottle,1,646.78,0.05,200.16,UPI
ORD10249,2025-11-16,CUST0208,Pari Shah,Udaipur,Rajasthan,North,Standard,Electronics,Computing,Wireless Mouse,2,1791.22,0.0,501.54,Debit Card
ORD10198,2025-11-17,CUST0205,Sai Kulkarni,New Delhi,Delhi,North,Standard,Fashion,Accessories,Backpack,1,1562.57,0.05,368.44,UPI
ORD10463,2025-11-17,CUST0076,Ananya Khan,Warangal,Telangana,South,Silver,Electronics,Audio,Wireless Earbuds,1,2316.87,0.0,556.05,Net Banking
ORD10789,2025-11-17,CUST0194,Pari Singh,Mysuru,Karnataka,South,Silver,Sports & Outdoors,Fitness,Yoga Mat,3,2291.81,0.15,436.79,Net Banking
ORD10086,2025-11-18,CUST0235,Kavya Bose,New Delhi,Delhi,North,Standard,Books & Stationery,Books,Career Guide Book,1,395.63,0.1,117.81,Net Banking
ORD10294,2025-11-18,CUST0095,Aadhya Mishra,Coimbatore,Tamil Nadu,South,Gold,Electronics,Accessories,USB-C Hub,1,1667.59,0.0,416.9,Net Banking
ORD10412,2025-11-18,CUST0058,Kabir Das,Mumbai,Maharashtra,West,Silver,Home & Kitchen,Lighting,Desk Lamp,1,982.56,0.2,56.5,Cash on Delivery
ORD10412,2025-11-18,CUST0058,Kabir Das,Mumbai,Maharashtra,West,Silver,Sports & Outdoors,Outdoor,Insulated Bottle,2,1224.18,0.2,192.81,Net Banking
ORD10412,2025-11-18,CUST0058,Kabir Das,Mumbai,Maharashtra,West,Silver,Beauty & Personal Care,Skincare,Face Moisturizer,2,1067.06,0.1,270.32,Debit Card
ORD10444,2025-11-18,CUST0193,Myra Mehta,Nagpur,Maharashtra,West,Standard,Home & Kitchen,Cookware,Non-stick Pan,1,1387.49,0.0,360.75,Cash on Delivery
ORD10680,2025-11-18,CUST0137,Ishaan Patel,Thiruvananthapuram,Kerala,South,Standard,Electronics,Accessories,USB-C Hub,1,1650.25,0.15,159.2,Debit Card
ORD10077,2025-11-19,CUST0144,Ishita Mishra,Madurai,Tamil Nadu,South,Standard,Electronics,Audio,Wireless Earbuds,1,1980.32,0.15,167.74,Cash on Delivery
ORD10077,2025-11-19,CUST0144,Ishita Mishra,Madurai,Tamil Nadu,South,Standard,Electronics,Computing,Wireless Mouse,1,722.96,0.05,170.47,UPI
ORD10132,2025-11-20,CUST0157,Ayaan Pillai,Siliguri,West Bengal,East,Standard,Fashion,Apparel,Casual Shirt,3,3373.83,0.1,742.24,Debit Card
ORD10561,2025-11-21,CUST0047,Rohan Desai,Kochi,Kerala,South,Standard,Electronics,Accessories,USB-C Hub,1,1688.63,0.1,258.92,UPI
ORD10480,2025-11-22,CUST0104,Diya Desai,Mumbai,Maharashtra,West,Silver,Home & Kitchen,Lighting,Desk Lamp,1,1045.68,0.15,125.48,Debit Card
ORD10480,2025-11-22,CUST0104,Diya Desai,Mumbai,Maharashtra,West,Silver,Books & Stationery,Stationery,Notebook Set,1,286.82,0.0,114.73,Net Banking
ORD11093,2025-11-22,CUST0081,Aditya Joshi,Mangaluru,Karnataka,South,Standard,Electronics,Accessories,Laptop Stand,1,969.24,0.25,25.85,Net Banking
ORD11093,2025-11-22,CUST0081,Aditya Joshi,Mangaluru,Karnataka,South,Standard,Books & Stationery,Books,Career Guide Book,3,1166.18,0.1,347.26,UPI
ORD11098,2025-11-22,CUST0111,Kavya Patel,Vadodara,Gujarat,West,Standard,Electronics,Audio,Wireless Earbuds,2,4248.87,0.0,1019.73,UPI
ORD10144,2025-11-23,CUST0206,Priya Sharma,Jaipur,Rajasthan,North,Standard,Home & Kitchen,Cookware,Non-stick Pan,2,2326.11,0.05,499.5,Net Banking
ORD10239,2025-11-23,CUST0050,Aadhya Iyer,Coimbatore,Tamil Nadu,South,Silver,Home & Kitchen,Bedding,Cotton Bedsheet,1,1222.27,0.2,100.84,UPI
ORD10669,2025-11-25,CUST0239,Priya Iyer,New Delhi,Delhi,North,Standard,Fashion,Accessories,Backpack,1,1415.39,0.15,186.5,UPI
ORD10697,2025-11-25,CUST0150,Ishita Shah,Varanasi,Uttar Pradesh,North,Silver,Home & Kitchen,Bedding,Cotton Bedsheet,1,1390.19,0.2,114.69,Net Banking
ORD11084,2025-11-25,CUST0090,Krishna Desai,Siliguri,West Bengal,East,Silver,Electronics,Accessories,Laptop Stand,4,4762.96,0.2,452.48,Cash on Delivery
ORD10143,2025-11-26,CUST0247,Vivaan Pillai,Kolkata,West Bengal,East,Standard,Home & Kitchen,Cookware,Non-stick Pan,4,4677.14,0.15,506.23,Debit Card
ORD10143,2025-11-26,CUST0247,Vivaan Pillai,Kolkata,West Bengal,East,Standard,Home & Kitchen,Cookware,Non-stick Pan,2,2287.75,0.0,594.81,Debit Card
ORD10035,2025-11-27,CUST0116,Ishita Sharma,New Delhi,Delhi,North,Standard,Home & Kitchen,Cookware,Non-stick Pan,3,3294.44,0.15,356.57,Credit Card
ORD10054,2025-11-28,CUST0041,Saanvi Rao,Chennai,Tamil Nadu,South,Standard,Electronics,Accessories,USB-C Hub,1,1588.42,0.1,243.56,Net Banking
ORD10876,2025-11-29,CUST0099,Sai Pillai,Varanasi,Uttar Pradesh,North,Gold,Sports & Outdoors,Fitness,Yoga Mat,1,793.3,0.2,105.11,Cash on Delivery
ORD10332,2025-11-30,CUST0048,Riya Bose,Kochi,Kerala,South,Standard,Home & Kitchen,Lighting,Desk Lamp,1,1162.15,0.0,313.78,Debit Card
ORD10332,2025-11-30,CUST0048,Riya Bose,Kochi,Kerala,South,Standard,Home & Kitchen,Lighting,Desk Lamp,1,951.03,0.2,54.68,Debit Card
ORD10497,2025-12-01,CUST0085,Ayaan Iyer,Siliguri,West Bengal,East,Silver,Home & Kitchen,Cookware,Non-stick Pan,1,872.98,0.25,-23.28,UPI
ORD10847,2025-12-01,CUST0059,Kabir Kulkarni,New Delhi,Delhi,North,Standard,Electronics,Accessories,USB-C Hub,1,1260.75,0.25,-50.43,Debit Card
ORD10018,2025-12-02,CUST0207,Pari Verma,Jaipur,Rajasthan,North,Standard,Sports & Outdoors,Outdoor,Insulated Bottle,2,1065.22,0.15,228.08,Net Banking
ORD10041,2025-12-02,CUST0125,Reyansh Rao,Bengaluru,Karnataka,South,Standard,Sports & Outdoors,Fitness,Yoga Mat,1,936.23,0.0,308.96,Net Banking
ORD10095,2025-12-02,CUST0140,Aditya Patel,Hyderabad,Telangana,South,Standard,Sports & Outdoors,Outdoor,Insulated Bottle,4,2514.31,0.1,664.9,Credit Card
ORD10545,2025-12-02,CUST0216,Vihaan Singh,Surat,Gujarat,West,Silver,Fashion,Footwear,Everyday Sneakers,2,3684.24,0.15,225.39,Cash on Delivery
ORD10545,2025-12-02,CUST0216,Vihaan Singh,Surat,Gujarat,West,Silver,Fashion,Apparel,Denim Jeans,3,5724.86,0.0,1431.21,Debit Card
ORD10288,2025-12-03,CUST0077,Rohan Khan,Coimbatore,Tamil Nadu,South,Silver,Electronics,Computing,Wireless Mouse,1,660.65,0.2,46.25,UPI
ORD10405,2025-12-03,CUST0216,Vihaan Singh,Surat,Gujarat,West,Silver,Home & Kitchen,Bedding,Cotton Bedsheet,2,2750.32,0.1,543.95,Cash on Delivery
ORD10597,2025-12-03,CUST0210,Ananya Bose,Ahmedabad,Gujarat,West,Standard,Fashion,Accessories,Backpack,1,1276.86,0.2,89.38,Credit Card
ORD10807,2025-12-04,CUST0066,Kavya Desai,New Delhi,Delhi,North,Standard,Home & Kitchen,Cookware,Non-stick Pan,2,2540.54,0.0,660.54,Debit Card
ORD10052,2025-12-05,CUST0198,Vivaan Khan,Udaipur,Rajasthan,North,Standard,Sports & Outdoors,Outdoor,Insulated Bottle,1,662.41,0.15,141.83,Cash on Delivery
ORD10256,2025-12-05,CUST0133,Rahul Verma,Kochi,Kerala,South,Standard,Electronics,Accessories,USB-C Hub,1,1523.36,0.15,146.96,Net Banking
ORD10922,2025-12-05,CUST0248,Ira Reddy,New Delhi,Delhi,North,Standard,Fashion,Footwear,Everyday Sneakers,3,6418.95,0.0,1412.17,Debit Card
ORD10922,2025-12-05,CUST0248,Ira Reddy,New Delhi,Delhi,North,Standard,Electronics,Computing,Wireless Mouse,1,773.07,0.15,101.86,Net Banking
ORD11042,2025-12-05,CUST0060,Aarav Mehta,Varanasi,Uttar Pradesh,North,Standard,Fashion,Footwear,Everyday Sneakers,2,3960.4,0.15,242.28,Net Banking
ORD10722,2025-12-06,CUST0047,Rohan Desai,Kochi,Kerala,South,Standard,Electronics,Audio,Wireless Earbuds,1,2444.46,0.0,586.67,Debit Card
ORD10157,2025-12-08,CUST0194,Pari Singh,Mysuru,Karnataka,South,Silver,Fashion,Apparel,Casual Shirt,1,999.3,0.1,219.85,Net Banking
ORD10425,2025-12-09,CUST0155,Ishita Mehta,Ahmedabad,Gujarat,West,Standard,Books & Stationery,Stationery,Notebook Set,1,293.46,0.1,93.91,UPI
ORD10678,2025-12-09,CUST0086,Ayaan Reddy,Surat,Gujarat,West,Silver,Electronics,Audio,Wireless Earbuds,2,3882.12,0.0,931.71,Credit Card
ORD10908,2025-12-09,CUST0025,Meera Gupta,Jaipur,Rajasthan,North,Standard,Fashion,Footwear,Everyday Sneakers,1,2164.97,0.0,476.29,Cash on Delivery
ORD10908,2025-12-09,CUST0025,Meera Gupta,Jaipur,Rajasthan,North,Standard,Fashion,Apparel,Casual Shirt,1,1004.35,0.15,167.79,Net Banking
ORD10454,2025-12-11,CUST0055,Nisha Iyer,Hyderabad,Telangana,South,Standard,Beauty & Personal Care,Haircare,Shampoo Pack,2,835.18,0.05,214.51,Credit Card
ORD10690,2025-12-11,CUST0220,Vihaan Kulkarni,Udaipur,Rajasthan,North,Standard,Home & Kitchen,Cookware,Non-stick Pan,1,948.97,0.15,102.71,Cash on Delivery
ORD10091,2025-12-13,CUST0227,Krishna Nair,Siliguri,West Bengal,East,Silver,Home & Kitchen,Lighting,Desk Lamp,1,1052.91,0.0,284.28,Debit Card
ORD10178,2025-12-14,CUST0206,Priya Sharma,Jaipur,Rajasthan,North,Standard,Home & Kitchen,Lighting,Desk Lamp,3,2827.43,0.05,636.92,Credit Card
ORD10679,2025-12-14,CUST0108,Ishaan Mehta,Ahmedabad,Gujarat,West,Standard,Beauty & Personal Care,Skincare,Face Moisturizer,2,968.46,0.15,195.97,UPI
ORD10681,2025-12-14,CUST0102,Ananya Nair,Warangal,Telangana,South,Standard,Electronics,Accessories,USB-C Hub,1,1420.85,0.2,46.18,Credit Card
ORD10681,2025-12-14,CUST0102,Ananya Nair,Warangal,Telangana,South,Standard,Electronics,Audio,Wireless Earbuds,2,3927.78,0.15,332.71,Credit Card
ORD10681,2025-12-14,CUST0102,Ananya Nair,Warangal,Telangana,South,Standard,Electronics,Computing,Wireless Mouse,3,2464.87,0.1,460.11,Credit Card
ORD10763,2025-12-14,CUST0021,Rohan Mehta,Jaipur,Rajasthan,North,Silver,Beauty & Personal Care,Haircare,Shampoo Pack,2,657.56,0.15,102.12,Debit Card
ORD10965,2025-12-15,CUST0066,Kavya Desai,New Delhi,Delhi,North,Standard,Fashion,Apparel,Denim Jeans,2,2894.78,0.15,279.26,UPI
ORD10322,2025-12-17,CUST0116,Ishita Sharma,New Delhi,Delhi,North,Standard,Electronics,Accessories,USB-C Hub,1,1557.18,0.1,238.77,Cash on Delivery
ORD10322,2025-12-17,CUST0116,Ishita Sharma,New Delhi,Delhi,North,Standard,Electronics,Accessories,Laptop Stand,1,925.33,0.25,24.68,UPI
ORD10590,2025-12-17,CUST0137,Ishaan Patel,Thiruvananthapuram,Kerala,South,Standard,Fashion,Accessories,Backpack,2,2958.24,0.1,552.2,Debit Card
ORD10590,2025-12-17,CUST0137,Ishaan Patel,Thiruvananthapuram,Kerala,South,Standard,Home & Kitchen,Cookware,Non-stick Pan,1,1144.45,0.15,123.87,UPI
ORD10772,2025-12-17,CUST0247,Vivaan Pillai,Kolkata,West Bengal,East,Standard,Beauty & Personal Care,Skincare,Face Moisturizer,1,502.9,0.0,170.99,Cash on Delivery
ORD10772,2025-12-17,CUST0247,Vivaan Pillai,Kolkata,West Bengal,East,Standard,Books & Stationery,Books,Career Guide Book,1,389.19,0.1,115.89,Cash on Delivery
ORD11080,2025-12-17,CUST0055,Nisha Iyer,Hyderabad,Telangana,South,Standard,Books & Stationery,Stationery,Notebook Set,3,735.85,0.15,200.84,Credit Card
ORD11080,2025-12-17,CUST0055,Nisha Iyer,Hyderabad,Telangana,South,Standard,Fashion,Footwear,Everyday Sneakers,1,2510.87,0.05,433.46,Cash on Delivery
ORD11080,2025-12-17,CUST0055,Nisha Iyer,Hyderabad,Telangana,South,Standard,Home & Kitchen,Storage,Storage Organizer,1,560.15,0.1,129.46,Cash on Delivery
ORD10349,2025-12-18,CUST0235,Kavya Bose,New Delhi,Delhi,North,Standard,Home & Kitchen,Lighting,Desk Lamp,1,984.84,0.0,265.91,Net Banking
ORD10349,2025-12-18,CUST0235,Kavya Bose,New Delhi,Delhi,North,Standard,Books & Stationery,Stationery,Notebook Set,1,273.57,0.15,74.67,UPI
ORD10073,2025-12-19,CUST0099,Sai Pillai,Varanasi,Uttar Pradesh,North,Gold,Sports & Outdoors,Outdoor,Insulated Bottle,2,1282.99,0.15,274.71,Credit Card
ORD10196,2025-12-19,CUST0182,Vihaan Patel,Mangaluru,Karnataka,South,Standard,Beauty & Personal Care,Skincare,Face Moisturizer,3,1425.21,0.15,288.4,Credit Card
ORD10196,2025-12-19,CUST0182,Vihaan Patel,Mangaluru,Karnataka,South,Standard,Fashion,Accessories,Backpack,3,3673.75,0.25,0.0,Cash on Delivery
ORD10381,2025-12-20,CUST0169,Kabir Joshi,Ahmedabad,Gujarat,West,Gold,Electronics,Accessories,USB-C Hub,1,1757.47,0.0,439.37,Debit Card
ORD10461,2025-12-20,CUST0061,Vivaan Singh,Mangaluru,Karnataka,South,Standard,Fashion,Accessories,Backpack,2,3101.0,0.1,578.85,Credit Card
ORD10868,2025-12-20,CUST0244,Pari Pillai,Surat,Gujarat,West,Standard,Fashion,Accessories,Backpack,1,1345.06,0.15,177.23,Credit Card
ORD10029,2025-12-21,CUST0193,Myra Mehta,Nagpur,Maharashtra,West,Standard,Fashion,Apparel,Casual Shirt,2,1670.48,0.25,66.82,Credit Card
ORD10072,2025-12-21,CUST0231,Sai Iyer,Siliguri,West Bengal,East,Standard,Electronics,Accessories,USB-C Hub,2,2788.45,0.2,90.62,Credit Card
ORD10072,2025-12-21,CUST0231,Sai Iyer,Siliguri,West Bengal,East,Standard,Home & Kitchen,Bedding,Cotton Bedsheet,4,5697.76,0.1,1126.89,Cash on Delivery
ORD10857,2025-12-21,CUST0241,Myra Pillai,Mangaluru,Karnataka,South,Silver,Electronics,Audio,Wireless Earbuds,2,3536.2,0.1,502.93,UPI
ORD11038,2025-12-22,CUST0027,Priya Rao,Ahmedabad,Gujarat,West,Silver,Fashion,Apparel,Denim Jeans,2,3547.17,0.1,543.9,Cash on Delivery
ORD10407,2025-12-23,CUST0081,Aditya Joshi,Mangaluru,Karnataka,South,Standard,Home & Kitchen,Cookware,Non-stick Pan,1,1064.81,0.2,47.92,Cash on Delivery
ORD10407,2025-12-23,CUST0081,Aditya Joshi,Mangaluru,Karnataka,South,Standard,Home & Kitchen,Storage,Storage Organizer,1,647.98,0.1,149.76,UPI
ORD10836,2025-12-23,CUST0085,Ayaan Iyer,Siliguri,West Bengal,East,Silver,Fashion,Footwear,Everyday Sneakers,2,4435.58,0.1,532.27,Debit Card
ORD10836,2025-12-23,CUST0085,Ayaan Iyer,Siliguri,West Bengal,East,Silver,Electronics,Accessories,Laptop Stand,2,2702.88,0.0,810.87,Debit Card
ORD10500,2025-12-24,CUST0231,Sai Iyer,Siliguri,West Bengal,East,Standard,Fashion,Apparel,Casual Shirt,1,1086.72,0.15,181.55,Credit Card
ORD10962,2025-12-24,CUST0055,Nisha Iyer,Hyderabad,Telangana,South,Standard,Books & Stationery,Books,Career Guide Book,1,393.49,0.15,98.14,Cash on Delivery
ORD10488,2025-12-25,CUST0002,Priya Chopra,Vadodara,Gujarat,West,Standard,Sports & Outdoors,Outdoor,Insulated Bottle,1,664.44,0.1,175.71,UPI
ORD10488,2025-12-25,CUST0002,Priya Chopra,Vadodara,Gujarat,West,Standard,Books & Stationery,Stationery,Notebook Set,1,317.81,0.05,115.08,Net Banking
ORD10834,2025-12-25,CUST0118,Diya Kulkarni,Kolkata,West Bengal,East,Standard,Fashion,Footwear,Everyday Sneakers,1,2519.95,0.0,554.39,Cash on Delivery
ORD10834,2025-12-25,CUST0118,Diya Kulkarni,Kolkata,West Bengal,East,Standard,Electronics,Accessories,USB-C Hub,1,1686.91,0.0,421.73,UPI
ORD10378,2025-12-26,CUST0205,Sai Kulkarni,New Delhi,Delhi,North,Standard,Fashion,Footwear,Everyday Sneakers,2,4407.5,0.15,269.64,UPI
ORD10031,2025-12-27,CUST0168,Ananya Rao,Udaipur,Rajasthan,North,Gold,Books & Stationery,Stationery,Notebook Set,1,279.01,0.05,101.03,Credit Card
ORD10037,2025-12-27,CUST0084,Saanvi Mishra,Surat,Gujarat,West,Standard,Books & Stationery,Books,Career Guide Book,3,1083.05,0.2,211.19,Cash on Delivery
ORD10610,2025-12-27,CUST0095,Aadhya Mishra,Coimbatore,Tamil Nadu,South,Gold,Sports & Outdoors,Fitness,Yoga Mat,1,826.92,0.2,109.57,UPI
ORD10874,2025-12-28,CUST0021,Rohan Mehta,Jaipur,Rajasthan,North,Silver,Fashion,Footwear,Everyday Sneakers,4,7654.72,0.25,-612.38,Net Banking
ORD10874,2025-12-28,CUST0021,Rohan Mehta,Jaipur,Rajasthan,North,Silver,Home & Kitchen,Cookware,Non-stick Pan,3,2804.57,0.25,-74.79,Debit Card
ORD10851,2025-12-29,CUST0202,Rahul Iyer,Coimbatore,Tamil Nadu,South,Silver,Electronics,Audio,Wireless Earbuds,3,5280.01,0.25,-281.6,Credit Card
ORD10851,2025-12-29,CUST0202,Rahul Iyer,Coimbatore,Tamil Nadu,South,Silver,Fashion,Accessories,Backpack,1,1687.21,0.1,314.95,Net Banking
ORD10925,2025-12-29,CUST0191,Tanvi Bose,Nagpur,Maharashtra,West,Standard,Books & Stationery,Stationery,Notebook Set,3,993.9,0.0,397.56,Credit Card
ORD10104,2025-12-30,CUST0040,Vivaan Chopra,Jaipur,Rajasthan,North,Silver,Electronics,Computing,Wireless Mouse,1,777.25,0.1,145.09,Net Banking
ORD10104,2025-12-30,CUST0040,Vivaan Chopra,Jaipur,Rajasthan,North,Silver,Books & Stationery,Stationery,Notebook Set,1,248.5,0.15,67.82,UPI
ORD10161,2025-12-30,CUST0076,Ananya Khan,Warangal,Telangana,South,Silver,Beauty & Personal Care,Haircare,Shampoo Pack,1,390.75,0.1,81.62,Cash on Delivery
ORD10417,2025-12-30,CUST0118,Diya Kulkarni,Kolkata,West Bengal,East,Standard,Sports & Outdoors,Fitness,Yoga Mat,1,934.68,0.05,269.58,Credit Card
ORD10417,2025-12-30,CUST0118,Diya Kulkarni,Kolkata,West Bengal,East,Standard,Electronics,Accessories,USB-C Hub,1,1579.23,0.15,152.35,UPI
ORD10186,2025-12-31,CUST0248,Ira Reddy,New Delhi,Delhi,North,Standard,Books & Stationery,Stationery,Notebook Set,2,617.58,0.05,223.63,Debit Card
ORD10694,2025-12-31,CUST0004,Kabir Chopra,Madurai,Tamil Nadu,South,Standard,Home & Kitchen,Lighting,Desk Lamp,3,3307.05,0.0,892.9,Debit Card
